date,price,amount
20060105,2100,169614
20060106,2205,63151
20060107,1890,81143
20060110,1890,99648
20060111,1890,57170
20060112,1890,59293
20060113,1785,64441
20060114,1365,69376
20060116,1470,69830
20060117,1260,66549
20060119,1260,76252
20060120,1260,63107
20060121,1260,77882
20060123,1260,74673
20060124,1470,65207
20060126,1470,62741
20060127,1260,58575
20060128,1260,71821
20060130,1365,69220
20060131,1365,55214
20060201,1260,53851
20060202,1260,53334
20060203,1470,50437
20060204,1680,45972
20060206,1785,68454
20060207,1995,67966
20060208,1890,56421
20060209,2205,63608
20060210,2362.5,83364
20060213,1732.5,87158
20060214,1785,66197
20060216,1470,78779
20060217,1575,50022
20060218,1470,60482
20060220,1470,57745
20060221,1680,60541
20060223,1785,76016
20060224,1785,52564
20060225,1785,59101
20060227,1680,69895
20060228,1680,46282
20060301,1680,48213
20060302,1785,47051
20060303,1575,51637
20060304,1680,51143
20060306,1522.5,65043
20060307,1470,66387
20060309,1260,70535
20060310,1417.5,57603
20060311,1365,58108
20060313,1365,57517
20060314,1365,69319
20060316,1260,80666
20060317,1050,58851
20060318,1260,58531
20060320,1050,66001
20060322,1050,54497
20060323,1050,45168
20060324,1260,49389
20060325,1312.5,54058
20060327,1155,55686
20060328,1155,47197
20060329,1050,48426
20060330,1102.5,47934
20060331,1155,38358
20060401,945,55127
20060403,1260,54608
20060404,1155,52054
20060405,1050,40610
20060406,1155,43693
20060407,1260,40302
20060408,1260,52612
20060410,1470,65033
20060411,1575,57412
20060413,1785,66768
20060414,1890,45237
20060415,1890,52436
20060417,1470,72454
20060418,1680,58991
20060420,1365,62115
20060421,1365,49067
20060422,1312.5,54850
20060424,1365,56545
20060425,1365,46902
20060426,1365,42153
20060427,1365,45964
20060428,1575,64645
20060501,1470,74915
20060502,1890,62743
20060505,1680,59702
20060506,1890,61145
20060508,1890,63893
20060509,1995,53130
20060511,2205,64590
20060512,2047.5,55657
20060513,1995,65017
20060515,1890,62927
20060516,1890,43057
20060517,1680,39790
20060518,1470,48302
20060519,1365,46730
20060520,1470,51763
20060522,1470,49392
20060523,1470,51106
20060525,1470,66343
20060526,1470,51374
20060527,1155,52899
20060529,1260,62791
20060530,1365,45136
20060531,1260,45355
20060601,1312.5,53370
20060602,1312.5,46792
20060603,1470,56246
20060605,1417.5,56237
20060606,1470,58490
20060607,1312.5,50591
20060608,1365,55269
20060609,1207.5,49591
20060610,945,55966
20060612,1207.5,49917
20060613,1627.5,45328
20060615,1732.5,67712
20060616,1680,60486
20060617,1470,76466
20060619,1312.5,57090
20060620,1260,47331
20060621,1260,44176
20060622,1207.5,40908
20060623,1155,49035
20060624,1155,57199
20060626,1155,49178
20060627,1207.5,50695
20060629,1050,55885
20060630,840,46149
20060701,1365,50218
20060703,1102.5,51715
20060704,1102.5,53336
20060706,1260,44402
20060707,1260,47312
20060708,1260,50948
20060710,1207.5,50469
20060711,1338.75,42292
20060712,1207.5,40783
20060713,1207.5,42035
20060714,1470,43128
20060715,1470,52176
20060718,1575,44457
20060719,2677.5,30609
20060720,7087.5,27512
20060721,3885,41277
20060722,2152.5,58746
20060724,1575,42745
20060725,1575,51083
20060727,1260,54009
20060728,1627.5,43509
20060729,1575,50948
20060731,1365,41193
20060801,1575,33862
20060802,1575,36990
20060803,1785,46681
20060804,1785,50042
20060805,1785,53358
20060807,1785,48131
20060808,1785,40959
20060809,1785,41094
20060810,1785,49238
20060811,1785,49134
20060812,1785,51495
20060813,1785,57704
20060817,1785,52986
20060818,1470,37204
20060819,1785,56990
20060821,1785,61847
20060822,1575,63849
20060824,1365,74185
20060825,1522.5,54587
20060826,630,54880
20060828,1050,72271
20060829,1155,51141
20060830,1023.75,50401
20060831,945,49167
20060901,1155,43020
20060902,945,42810
20060904,1312.5,65431
20060905,1260,50223
20060906,1050,57191
20060907,1260,53957
20060908,1260,58493
20060909,1260,62913
20060911,1207.5,75711
20060912,1207.5,60378
20060914,1312.5,79298
20060915,1522.5,53663
20060916,1680,64351
20060919,1785,113890
20060920,1680,72200
20060921,1732.5,67961
20060922,1732.5,81952
20060925,1575,108587
20060926,1522.5,83022
20060928,1470,87135
20060929,1470,63165
20060930,1470,70072
20061002,1365,69514
20061003,1470,61378
20061004,1470,55750
20061005,1470,58469
20061006,1522.5,62356
20061007,1522.5,77012
20061010,1942.5,77000
20061011,1627.5,46474
20061012,1627.5,54655
20061013,1837.5,75650
20061014,1312.5,88252
20061016,1470,80196
20061017,1470,77767
20061019,1207.5,100541
20061020,1365,74526
20061021,1365,83386
20061023,1207.5,93381
20061024,1207.5,82746
20061026,1207.5,85100
20061027,1155,65480
20061028,997.5,77858
20061030,997.5,90244
20061031,997.5,66288
20061101,1050,76029
20061102,1050,85494
20061104,945,130163
20061106,1155,94878
20061107,1050,78496
20061109,1050,104461
20061110,1050,80027
20061111,1155,89414
20061113,1260,86361
20061114,1050,62828
20061115,1260,60966
20061116,1365,76984
20061117,1365,78163
20061118,1260,93295
20061120,1785,79281
20061121,1785,79886
20061122,1575,75727
20061124,1575,113851
20061125,1575,109032
20061127,1260,92122
20061128,1260,73917
20061129,1050,70786
20061130,1050,56734
20061201,1260,71766
20061202,1260,76859
20061204,1260,81313
20061205,1260,63148
20061206,1260,63189
20061207,1155,70430
20061208,1260,69778
20061209,1260,84594
20061211,1312.5,69772
20061212,1417.5,79576
20061214,1260,109624
20061215,1365,89862
20061216,1102.5,91848
20061218,1050,87537
20061219,1050,86791
20061220,997.5,70056
20061221,997.5,77112
20061222,840,90191
20061224,1260,87048
20061225,1312.5,79392
20061226,1155,86974
20061227,1312.5,90781
20061228,1312.5,107002
20061229,1680,91700
20070105,1312.5,101048
20070106,1680,85242
20070109,1470,102379
20070110,1470,68947
20070111,1365,71243
20070112,1470,71955
20070113,1102.5,80800
20070115,1155,78223
20070116,945,81069
20070118,945,88367
20070119,1050,75348
20070120,1155,62632
20070122,1050,74996
20070123,945,78588
20070125,945,82787
20070126,945,68979
20070127,840,70829
20070129,1738,67842
20070130,735,60638
20070131,840,49764
20070201,630,58413
20070202,735,63217
20070203,787.5,69186
20070205,735,68751
20070206,787.5,53322
20070207,840,54354
20070208,735,62113
20070209,945,61367
20070210,840,83953
20070213,840,76332
20070214,892.5,49780
20070215,892.5,57923
20070216,945,49618
20070217,945,56540
20070219,892.5,67467
20070220,840,71350
20070222,840,68761
20070223,1050,53810
20070224,997.5,60398
20070226,945,65440
20070227,997.5,66863
20070301,945,75065
20070302,1417.5,59926
20070303,892.5,64765
20070305,840,64772
20070306,840,44942
20070307,735,50660
20070308,787.5,47201
20070309,735,50744
20070310,787.5,51770
20070312,840,58923
20070313,840,57818
20070315,892.5,59968
20070316,945,53080
20070317,840,55190
20070319,892.5,65123
20070320,1050,61308
20070322,945,63456
20070323,1155,45145
20070324,1050,57568
20070326,1050,56995
20070327,1102.5,58285
20070329,1050,65918
20070330,1155,51684
20070331,1312.5,50451
20070402,1050,45070
20070403,1050,38805
20070404,1155,39121
20070405,1260,38374
20070406,1365,38654
20070407,1050,57401
20070409,1260,50343
20070410,1155,56134
20070412,1155,62187
20070413,1155,47704
20070414,1155,55991
20070416,1050,56714
20070417,1155,39086
20070418,945,41654
20070419,1260,36926
20070420,1155,42136
20070421,1155,48438
20070423,1050,55739
20070424,1155,63139
20070426,1365,61689
20070427,1365,49404
20070428,1575,67230
20070501,1470,73951
20070502,1470,56397
20070504,1680,72158
20070507,1470,63709
20070508,1470,62924
20070510,1470,65160
20070511,1470,47972
20070512,1470,59933
20070514,1365,50087
20070515,1260,43735
20070516,1155,38185
20070517,1050,43136
20070518,1050,38699
20070519,1050,51598
20070521,1050,58064
20070522,1155,62359
20070524,945,69923
20070525,945,56819
20070526,1050,60982
20070528,1155,50432
20070529,1050,51135
20070530,1470,49061
20070531,1680,46856
20070601,1470,55055
20070602,1365,51738
20070604,1050,55004
20070605,1312.5,56168
20070606,1470,52652
20070607,1475.5,50610
20070608,1365,52543
20070609,1367.75,53056
20070611,1522.5,57585
20070612,630,48919
20070614,840,52038
20070615,1260,48634
20070616,1470,62139
20070618,1050,58578
20070619,945,52978
20070620,1050,43986
20070621,945,49278
20070622,1260,45935
20070623,1050,50104
20070625,1050,45665
20070626,1050,58723
20070628,1470,54659
20070629,1155,52048
20070630,1365,54556
20070702,1207.5,48856
20070703,1470,42731
20070704,1365,40143
20070705,1365,43400
20070706,1470,44654
20070707,1575,45566
20070709,1312.5,59880
20070710,945,60189
20070712,1365,58303
20070713,1680,50469
20070714,1680,60498
20070717,1890,47519
20070718,2047.5,41384
20070719,1995,46795
20070720,2047.5,46317
20070721,1732.5,61528
20070723,1890,50935
20070724,1995,48066
20070726,1995,47646
20070727,1680,51570
20070728,1785,58306
20070730,1365,59611
20070731,1890,45303
20070801,2100,42407
20070802,1890,38668
20070803,1890,46891
20070804,1575,59555
20070806,1890,56661
20070807,1785,47717
20070808,1890,47061
20070809,1890,42831
20070810,1890,43280
20070811,1890,52115
20070813,1837.5,64515
20070814,2152.5,55671
20070818,3780,76514
20070820,2520,79798
20070821,2100,69708
20070823,1155,76460
20070824,1365,62766
20070825,945,69053
20070827,1260,76735
20070828,945,55199
20070829,840,47232
20070830,1260,50971
20070831,1155,56012
20070901,1260,68275
20070903,1260,64457
20070904,1470,48739
20070905,1680,49993
20070906,1575,59148
20070907,1890,57679
20070908,1785,70184
20070910,1575,74386
20070911,1470,56998
20070913,1470,70806
20070914,1680,56598
20070915,1575,74912
20070918,1680,111869
20070919,1785,50527
20070920,1890,42548
20070921,2100,48344
20070922,1995,68909
20070925,1890,99575
20070926,1785,64492
20070927,1785,63673
20070928,1785,63592
20070929,1680,67337
20071001,1785,76252
20071002,2100,47646
20071003,2257.5,54196
20071004,2835,60613
20071005,2625,70091
20071006,2310,78749
20071009,1942.5,113398
20071010,1785,69259
20071011,1785,63231
20071012,1785,67804
20071013,1417.5,76457
20071015,1522.5,89903
20071016,1522.5,73791
20071018,1417.5,94185
20071019,1575,70787
20071020,1470,84626
20071022,1470,93879
20071023,1417.5,72441
20071025,1522.5,87261
20071026,1365,73584
20071027,1050,94860
20071029,1522.5,86604
20071030,1470,63432
20071031,1522.5,61753
20071101,1575,77184
20071102,1575,95577
20071105,1680,132032
20071106,1470,72512
20071107,1365,67212
20071108,1470,72003
20071109,1365,77417
20071110,1365,89828
20071112,1680,89222
20071113,1470,74692
20071115,1470,90829
20071116,1680,68776
20071117,1575,94554
20071119,1470,89980
20071120,1680,70546
20071121,1785,78198
20071122,1470,86991
20071124,1785,103689
20071126,1680,99544
20071127,2205,83219
20071129,1995,110732
20071130,1995,84873
20071201,2152.5,90541
20071203,1890,87096
20071204,1785,74535
20071205,1785,75984
20071206,1627.5,67748
20071207,1680,86697
20071208,1470,85063
20071210,1680,89691
20071211,1575,96399
20071213,1575,105343
20071214,1470,82378
20071215,1575,87286
20071217,1470,84530
20071218,1470,77295
20071219,1470,67903
20071220,1575,68290
20071221,1470,72499
20071222,1470,81711
20071224,1785,90598
20071225,1470,89659
20071226,1890,87338
20071227,1785,97090
20071228,1837.5,116510
20071229,2415,97141
20080105,1575,117457
20080107,1732.5,81283
20080108,1575,81760
20080110,1575,100791
20080111,1522.5,82090
20080112,1365,102432
20080115,1260,109926
20080116,1365,68485
20080117,1260,76001
20080118,1155,68158
20080119,1312.5,88787
20080121,1365,77505
20080122,1050,87616
20080124,1260,86563
20080125,1470,73046
20080126,1470,76034
20080128,1470,79395
20080129,1470,64106
20080130,1365,59659
20080131,1365,71709
20080201,1260,59737
20080202,1365,85105
20080204,1575,80162
20080205,1680,68896
20080206,1575,55120
20080207,1680,57733
20080208,1785,57719
20080209,1995,80878
20080212,1470,109774
20080213,1680,64339
20080214,1680,58187
20080215,1575,62535
20080216,1680,68501
20080218,1680,72945
20080219,1575,54051
20080220,1522.5,53568
20080221,1785,62654
20080222,1680,60470
20080223,1890,70061
20080225,1890,67969
20080226,1995,68218
20080228,2205,69427
20080229,2310,56746
20080301,2257.5,68550
20080303,2152.5,63270
20080304,2100,57058
20080306,2205,75992
20080307,1995,42857
20080308,2100,56230
20080310,1995,60502
20080311,2100,54973
20080313,2310,56146
20080314,2205,50342
20080315,2205,48750
20080317,2100,50267
20080318,2205,48286
20080319,2100,45122
20080321,1995,54110
20080322,1995,48842
20080324,2362.5,54724
20080325,2310,61878
20080327,2100,62125
20080328,1890,48668
20080329,1942.5,63032
20080331,1785,47027
20080401,1680,42575
20080402,1785,41691
20080403,1890,45389
20080404,1785,44319
20080405,1890,48385
20080407,1890,64347
20080408,1785,56136
20080410,1890,57926
20080411,2310,40266
20080412,2100,55338
20080414,1785,57719
20080415,1890,45190
20080416,1680,38554
20080417,1470,47856
20080418,1890,60232
20080419,1575,48943
20080421,1890,48994
20080422,1890,44296
20080424,1890,60810
20080425,1890,46352
20080426,1890,55995
20080428,1890,70668
20080430,1890,64360
20080501,2415,55509
20080502,2625,69343
20080506,2940,69363
20080507,2520,50996
20080508,2415,47216
20080509,2415,52380
20080510,2415,58286
20080512,2520,61607
20080513,2940,55716
20080515,3465,75044
20080516,2835,51262
20080517,2625,61270
20080519,2415,61855
20080520,2415,52470
20080521,1575,51429
20080522,1470,55020
20080523,1417.5,52209
20080524,1155,59890
20080526,1785,58587
20080527,1890,55263
20080529,1050,59498
20080530,2152.5,54198
20080531,1050,55518
20080602,1995,50869
20080603,2310,56287
20080605,2730,80577
20080606,2415,60800
20080607,2047.5,63010
20080609,1575,59873
20080610,1837.5,72954
20080612,1470,64518
20080613,1680,59558
20080614,1260,55765
20080616,1575,65726
20080617,1365,67935
20080619,1575,62612
20080620,1470,55488
20080621,1470,61971
20080623,1260,58982
20080624,1470,56857
20080626,1365,58296
20080627,1470,51114
20080628,1365,56568
20080630,1470,54663
20080701,1470,50469
20080702,1470,38634
20080703,1470,49472
20080704,1260,46820
20080705,1470,56313
20080707,1260,53376
20080708,1365,57581
20080710,1155,56911
20080711,1155,47297
20080712,1260,55584
20080714,945,53436
20080715,840,42504
20080716,1050,44115
20080717,945,51968
20080718,1260,52857
20080719,1050,60201
20080722,1050,56655
20080723,1050,43006
20080724,1155,50918
20080725,945,48755
20080726,945,54066
20080728,945,51094
20080729,1155,44955
20080730,1155,41437
20080731,1050,44991
20080801,1050,46291
20080802,1050,57026
20080804,1365,58573
20080805,1365,50313
20080806,1470,49051
20080807,1050,43970
20080808,945,49580
20080809,1260,60649
20080811,945,67833
20080812,945,53189
20080813,1155,48913
20080814,1365,60614
20080818,2362.5,65173
20080819,2100,41953
20080820,1837.5,58027
20080821,1890,63071
20080822,1680,59677
20080823,1680,60568
20080825,1522.5,74204
20080826,1522.5,75836
20080828,1470,79224
20080829,1417.5,66447
20080830,1575,82668
20080901,1470,88682
20080902,1470,53130
20080903,1470,44699
20080904,1470,52547
20080905,1417.5,60544
20080906,1260,84128
20080908,1312.5,92208
20080909,1260,67254
20080911,1470,85178
20080912,1470,72140
20080913,1470,87001
20080916,1312.5,124607
20080917,1365,65730
20080918,1365,63283
20080919,1365,71451
20080920,1155,78006
20080922,1470,109483
20080924,1207.5,80739
20080925,1155,57691
20080926,1260,62089
20080927,1312.5,76576
20080929,1680,82120
20080930,1680,50878
20081001,1575,61829
20081002,1680,61576
20081003,1680,67558
20081004,1890,86974
20081006,1680,99889
20081007,1575,85285
20081009,1680,107133
20081010,1575,78826
20081011,1890,103086
20081014,1050,126007
20081015,1155,73259
20081016,1050,74466
20081017,840,73541
20081018,892.5,82416
20081020,1050,94389
20081021,1365,90408
20081023,945,113340
20081024,945,79999
20081025,787.5,89939
20081027,840,85591
20081028,840,71333
20081029,945,61728
20081030,1050,65986
20081031,1155,78202
20081101,1155,103938
20081104,1155,127776
20081105,1260,83532
20081106,997.5,72066
20081107,1050,88554
20081108,945,110108
20081110,1680,104810
20081111,1155,97708
20081113,1050,125748
20081114,1050,96453
20081115,945,101941
20081117,945,101461
20081118,945,72280
20081119,945,63999
20081120,945,81164
20081121,945,84364
20081122,1050,103379
20081125,1260,95033
20081126,1260,82438
20081127,1260,80362
20081128,1260,85756
20081129,1365,94496
20081201,1575,82145
20081202,1365,82575
20081203,1260,80750
20081204,1365,80148
20081205,1260,84662
20081206,1155,90406
20081208,945,103882
20081209,1050,87882
20081211,1050,129823
20081212,1050,88391
20081213,1050,96081
20081215,945,94991
20081216,1050,77665
20081217,1050,68752
20081218,945,71591
20081219,1155,79229
20081220,1050,86782
20081222,1050,131882
20081224,1155,110275
20081225,1050,88013
20081226,1155,98200
20081227,1155,95989
20081228,1365,142651
20081229,1785,103888
20090105,1575,105761
20090106,1522.5,58399
20090107,1470,71397
20090108,1207.5,70906
20090109,1207.5,80520
20090110,1050,118371
20090113,1260,98189
20090114,1102.5,68797
20090115,1102.5,79601
20090116,997.5,80390
20090117,945,104443
20090119,840,87375
20090120,945,76534
20090122,945,99934
20090123,945,65916
20090124,892.5,76244
20090126,945,54729
20090127,1050,65988
20090129,945,115689
20090130,1050,81612
20090131,1050,79177
20090202,945,57063
20090203,1050,51010
20090204,1155,53980
20090205,945,63761
20090206,1050,100428
20090207,945,85673
20090209,945,91118
20090210,945,85400
20090212,892.5,82911
20090213,840,66957
20090214,840,72285
20090216,735,77062
20090217,840,55185
20090218,787.5,55907
20090219,787.5,62412
20090220,735,55777
20090221,735,61245
20090223,735,75632
20090224,945,68040
20090226,945,74071
20090227,997.5,50768
20090228,1050,71986
20090302,1207.5,57676
20090303,1365,68372
20090305,1312.5,98639
20090306,1102.5,70295
20090307,1050,61596
20090309,735,73089
20090310,840,64793
20090312,840,67899
20090313,735,49961
20090314,840,63683
20090316,735,64811
20090317,840,44098
20090318,840,50907
20090319,840,68336
20090321,840,75546
20090323,840,60000
20090324,1050,61596
20090326,892.5,67200
20090327,840,51301
20090328,840,52565
20090330,735,59866
20090331,840,46377
20090401,945,48316
20090402,840,55951
20090403,840,46522
20090404,945,52433
20090406,840,63502
20090407,945,59565
20090409,945,63554
20090410,840,48847
20090411,840,61696
20090413,735,64427
20090414,840,45441
20090415,840,45279
20090416,840,51203
20090417,735,43140
20090418,735,47141
20090420,840,49780
20090421,1050,54362
20090423,1050,67294
20090424,1050,45733
20090425,1050,50545
20090427,1155,59555
20090428,1260,51482
20090430,1575,51031
20090501,1680,50534
20090502,1680,57363
20090504,1365,81759
20090507,1470,54325
20090508,1680,44288
20090509,2100,45531
20090511,1890,48998
20090512,1995,55511
20090514,1470,58596
20090515,1575,49491
20090516,1470,48960
20090518,1260,49223
20090519,1155,40408
20090520,1155,34903
20090521,1260,48351
20090522,1470,39408
20090523,1260,39748
20090525,1680,46417
20090526,2152.5,50172
20090528,2415,56827
20090529,1890,50733
20090530,1785,64861
20090601,2520,47180
20090602,2520,59992
20090604,2205,63516
20090605,1627.5,52067
20090606,2441.25,61813
20090608,1470,63412
20090609,2388.75,61248
20090611,1785,58830
20090612,2415,52008
20090613,1575,51536
20090615,1680,55462
20090616,1785,60023
20090618,2283.75,58393
20090619,1680,45933
20090620,1680,57601
20090622,1785,52059
20090623,2205,47264
20090625,2205,54141
20090626,1995,47651
20090627,1890,52615
20090629,1785,55230
20090630,1785,44269
20090701,1680,41653
20090702,1470,46822
20090703,1732.5,45019
20090704,1470,51119
20090706,1732.5,53957
20090707,1785,48352
20090709,2047.5,48383
20090710,1942.5,47308
20090711,1785,57500
20090713,1837.5,49231
20090714,1837.5,40492
20090715,1732.5,43485
20090716,1837.5,46269
20090717,1732.5,45443
20090718,1732.5,50490
20090721,1732.5,54930
20090722,1785,40306
20090723,1680,39591
20090724,1680,34223
20090725,1627.5,43963
20090727,1732.5,41189
20090728,1732.5,39769
20090729,1627.5,42885
20090730,1522.5,43150
20090731,1470,40552
20090801,1890,48991
20090803,1785,50112
20090804,1785,43109
20090805,1890,46303
20090806,1890,47396
20090807,1890,49411
20090808,1785,53771
20090810,1969,51356
20090811,1785,46235
20090812,1995,46001
20090813,1890,62356
20090817,3255,68406
20090818,2625,40497
20090819,1995,49404
20090820,1470,58456
20090821,1575,53715
20090822,1470,70803
20090824,1260,69389
20090825,1260,63828
20090827,1050,74531
20090828,1050,67657
20090829,1050,72214
20090831,1260,67709
20090901,1312.5,46244
20090902,1312.5,46082
20090903,1312.5,48329
20090904,1260,56404
20090905,1260,69935
20090907,1155,79266
20090908,1102.5,68496
20090910,1207.5,93857
20090911,945,61505
20090912,945,74174
20090914,945,75097
20090915,1050,49589
20090916,997.5,45043
20090917,1102.5,57325
20090918,1102.5,66106
20090919,1050,73191
20090921,892.5,96041
20090924,997.5,97810
20090925,997.5,58119
20090926,997.5,76894
20090928,1050,76310
20090929,997.5,58378
20090930,945,53229
20091001,945,60975
20091002,1050,60593
20091003,1365,61949
20091005,1260,77078
20091006,1785,55814
20091008,1785,90162
20091009,1995,69662
20091010,2021.25,71424
20091013,1732.5,92228
20091014,1627.5,65977
20091015,1680,69435
20091016,1680,71057
20091017,1470,89504
20091019,997.5,74436
20091020,1365,61779
20091021,1365,55406
20091022,1365,51459
20091023,1391.25,55260
20091024,1627.5,77180
20091026,1155,90292
20091027,1181.25,79743
20091029,1680,95032
20091030,2100,75241
20091031,2100,88240
20091102,1785,119826
20091104,1680,96822
20091105,1785,66736
20091106,1785,80218
20091107,1575,86127
20091109,1890,94321
20091110,1890,85652
20091112,1890,102751
20091113,1890,86495
20091114,1155,74058
20091116,1207.5,75704
20091117,1260,59096
20091118,1260,55020
20091119,1575,65907
20091120,1680,67764
20091121,1890,91583
20091124,1470,121279
20091125,1470,63009
20091126,1470,88123
20091127,1470,74907
20091128,1365,83935
20091130,1365,96301
20091201,1575,71149
20091202,1365,65431
20091203,1470,62941
20091204,1680,69882
20091205,1575,87919
20091207,1260,83471
20091208,1260,87993
20091210,1365,110627
20091211,1365,95882
20091212,1260,79543
20091214,1260,70679
20091215,1417.5,65146
20091216,1260,81643
20091217,1365,82930
20091218,1260,80919
20091219,1417.5,89363
20091221,1470,87755
20091222,1470,90620
20091224,1680,100439
20091225,1680,87931
20091226,1732.5,87099
20091227,1732.5,80709
20091228,1680,122484
20091229,2100,101843
20100105,2047.5,93932
20100106,1890,59969
20100107,1837.5,65242
20100108,1785,65709
20100109,1575,107071
20100112,1470,94270
20100113,1575,58094
20100114,1470,72502
20100115,1470,52263
20100116,1365,78915
20100118,1365,70353
20100119,1365,67304
20100120,1260,63876
20100121,1365,62459
20100122,1260,56953
20100123,1260,72118
20100125,1365,69647
20100126,1365,68012
20100128,1470,87491
20100129,1365,53377
20100130,1365,69632
20100201,1365,65263
20100202,1470,56415
20100203,1470,58831
20100204,1575,55337
20100205,1470,45877
20100206,1470,58513
20100208,1470,63798
20100209,1680,49048
20100210,1890,62501
20100212,2205,71811
20100213,2205,79484
20100215,2835,50282
20100216,3255,45853
20100217,2625,60691
20100218,2100,38319
20100219,1890,55623
20100220,1785,59269
20100222,1680,52994
20100223,1785,69470
20100225,1680,67693
20100226,1575,45093
20100227,1575,55063
20100301,1680,56611
20100302,1680,51847
20100304,1785,71038
20100305,1995,47850
20100306,1785,67627
20100308,1785,70359
20100309,1890,55917
20100311,1785,75750
20100312,1680,49865
20100313,1785,47201
20100315,2205,56332
20100316,1890,50575
20100318,1837.5,72489
20100319,1890,51116
20100320,1680,64937
20100323,1680,55537
20100324,1680,43144
20100325,1680,48793
20100326,1680,51448
20100327,1680,45818
20100329,1785,48977
20100330,1785,44969
20100331,1785,39931
20100401,1785,46221
20100402,1680,47252
20100403,1680,51625
20100405,1785,52540
20100406,1785,52577
20100408,1785,51097
20100409,1890,46602
20100410,1890,49621
20100412,1890,57570
20100413,1890,53091
20100415,1995,57042
20100416,1890,43105
20100417,1995,56551
20100419,2310,42387
20100420,2415,40006
20100421,2310,45330
20100422,2310,51161
20100423,2100,46800
20100424,1995,48284
20100426,1995,43988
20100427,2100,37867
20100428,2100,53032
20100430,2100,60094
20100501,2100,56899
20100504,1785,76673
20100506,1680,43321
20100507,1680,36806
20100508,1785,46531
20100510,1785,51932
20100511,1680,48248
20100513,1995,52757
20100514,2205,35301
20100515,1890,52973
20100517,1995,48419
20100518,1680,44342
20100519,1680,38214
20100520,1365,39425
20100521,1470,37978
20100522,1680,39529
20100524,1470,40534
20100525,1575,55953
20100527,2310,43010
20100528,1680,47732
20100529,1890,47215
20100531,2205,53462
20100601,2362.5,55375
20100603,2520,57702
20100604,2047.5,52034
20100605,2047.5,46872
20100607,1995,59628
20100608,1890,51067
20100610,1732.5,53421
20100611,1732.5,43189
20100612,1627.5,45508
20100614,1575,48975
20100615,1680,47101
20100617,1680,46784
20100618,1680,51511
20100619,1732.5,53410
20100621,1470,50109
20100622,1680,50690
20100624,1470,55018
20100625,1470,38190
20100626,1575,46888
20100628,1470,42544
20100629,1470,41120
20100630,1522.5,39185
20100701,1470,45666
20100702,1470,35062
20100703,1575,44584
20100705,1627.5,55143
20100706,1732.5,51672
20100708,1732.5,65536
20100709,1785,41103
20100710,1890,58722
20100712,2047.5,56040
20100713,2152.5,56285
20100715,2100,55899
20100716,2257.5,46133
20100717,2205,55983
20100720,1890,62783
20100721,1680,42397
20100722,1522.5,40737
20100723,1575,45899
20100724,1470,49261
20100726,1522.5,45873
20100727,1575,48861
20100729,1522.5,50141
20100730,1470,55798
20100731,1522.5,46865
20100802,1680,42840
20100803,1575,41108
20100804,1470,41066
20100805,1575,49681
20100806,1260,45899
20100807,1365,49918
20100809,1365,52300
20100810,1260,46618
20100811,1470,45708
20100812,1260,45772
20100813,1470,56435
20100814,1680,50964
20100818,1995,54359
20100819,1680,48508
20100820,1785,54112
20100821,1575,72232
20100823,1365,77770
20100824,1155,64084
20100826,1050,78107
20100827,1050,59668
20100828,1155,56519
20100830,1155,65009
20100831,1155,51198
20100901,1207.5,51514
20100902,1417.5,53302
20100903,1575,52762
20100904,1470,57823
20100906,1627.5,70476
20100907,1732.5,60449
20100909,1837.5,82550
20100910,1837.5,61043
20100911,1732.5,69421
20100913,1785,78856
20100914,1890,48311
20100915,1942.5,43888
20100916,1995,47131
20100917,2100,58376
20100918,2100,68882
20100921,2100,98920
20100922,2152.5,53555
20100924,2257.5,68716
20100925,2415,59555
20100927,2782.5,68408
20100928,3412.5,57245
20100929,3360,57284
20100930,3202.5,63500
20101001,2703.75,64523
20101002,2835,73459
20101004,1916.25,89828
20101005,2205,79076
20101007,1995,85424
20101008,1995,67039
20101009,1811.25,73313
20101012,1680,102074
20101013,1680,61801
20101014,1653.75,63081
20101015,1680,65893
20101016,1680,73177
20101018,1575,85138
20101019,1680,60870
20101020,1575,59622
20101021,1680,68165
20101022,1496.25,76824
20101023,1680,85582
20101025,1575,88594
20101026,1785,70533
20101028,1890,92324
20101029,1995,72552
20101030,1758.75,87459
20101101,2520,86984
20101102,2730,84649
20101104,2572.5,94372
20101105,2887.5,71768
20101106,2835,80999
20101108,2572.5,93782
20101109,2520,82533
20101111,2152.5,96767
20101112,1785,68166
20101113,1627.5,74469
20101115,1575,80782
20101116,1627.5,69603
20101117,1627.5,66220
20101118,1575,72229
20101119,1627.5,68647
20101120,1470,84849
20101122,1732.5,95301
20101124,1732.5,85915
20101125,1785,73206
20101126,1575,69884
20101127,1575,78642
20101129,1470,76145
20101130,1365,56138
20101201,1680,60127
20101202,1627.5,64596
20101203,1785,58226
20101204,1680,72085
20101206,1785,70525
20101207,1680,70387
20101209,1680,86684
20101210,1680,66823
20101211,1575,66316
20101213,1470,76143
20101214,1575,67622
20101215,1470,59353
20101216,1575,56401
20101217,1470,70273
20101218,1470,80099
20101220,1627.5,79016
20101221,1627.5,74904
20101222,1575,83637
20101224,1627.5,102705
20101225,1627.5,90594
20101226,1680,78245
20101227,1627.5,101345
20101228,1680,117286
20101229,1732.5,112613
20110105,1732.5,85841
20110106,1732.5,51215
20110107,1680,71751
20110108,1680,100809
20110111,1417.5,103248
20110112,1365,71755
20110113,1312.5,70800
20110114,1417.5,71261
20110115,1470,82096
20110117,1365,73074
20110118,1365,80857
20110120,1365,82284
20110121,1365,72991
20110122,1365,83077
20110124,1365,70128
20110125,1417.5,57981
20110127,1365,78001
20110128,1365,71459
20110129,1365,73309
20110131,1417.5,68578
20110201,1417.5,65622
20110202,1470,63439
20110203,1470,60660
20110204,1522.5,65781
20110205,1575,69169
20110207,1627.5,63010
20110208,1680,55128
20110209,1732.5,55068
20110210,1995,73973
20110212,2100,85521
20110214,1995,72047
20110215,1942.5,47874
20110216,1995,50478
20110217,1890,57383
20110218,1995,58048
20110219,1890,66183
20110221,1837.5,58570
20110222,1890,62761
20110224,1732.5,71365
20110225,1837.5,61310
20110226,1890,60172
20110228,1785,63287
20110301,1785,65368
20110303,1785,61255
20110304,1837.5,50640
20110305,1837.5,70827
20110307,1732.5,67671
20110308,1785,63445
20110310,1732.5,67052
20110311,1732.5,55736
20110312,1680,61984
20110314,1680,55768
20110315,1995,73558
20110317,2152.5,80507
20110318,1942.5,61470
20110319,1680,57188
20110322,1470,55564
20110323,1417.5,40366
20110324,1365,35083
20110325,1365,40003
20110326,1417.5,57579
20110328,1155,51343
20110329,1207.5,43643
20110330,1155,36506
20110331,1102.5,34528
20110401,1155,45978
20110402,1155,54812
20110404,1050,54228
20110405,1155,48006
20110406,1155,45099
20110407,1207.5,50491
20110408,1207.5,46743
20110409,1102.5,54241
20110411,1102.5,53275
20110412,1207.5,52673
20110414,1050,64616
20110415,1155,51255
20110416,1155,55522
20110418,1155,53628
20110419,1102.5,41748
20110420,1050,41909
20110421,1102.5,47618
20110422,1155,44210
20110423,1155,56788
20110425,1155,56379
20110426,1260,41395
20110427,1365,45745
20110428,1365,59973
20110430,1470,65654
20110502,1890,73276
20110505,2021.25,71149
20110506,2310,45060
20110507,2415,57935
20110509,2467.5,55960
20110510,2467.5,59256
20110512,2467.5,63651
20110513,2310,48053
20110514,2520,38175
20110516,2310,48181
20110517,2257.5,51036
20110518,1995,45775
20110519,2100,43825
20110520,1680,40686
20110521,1890,51776
20110523,1942.5,51744
20110524,1785,56322
20110526,1995,55672
20110527,1995,53860
20110528,2520,66272
20110530,2677.5,57771
20110531,2677.5,51143
20110602,2205,63113
20110603,2572.5,66569
20110604,2415,69658
20110606,2362.5,60286
20110607,2310,77486
20110609,2257.5,72892
20110610,2047.5,67459
20110611,1470,69984
20110613,1732.5,56749
20110614,1732.5,70558
20110616,1732.5,57779
20110617,1680,52287
20110618,1680,72386
20110620,1470,55275
20110621,1680,58770
20110623,1680,65341
20110624,1680,53405
20110625,1680,63790
20110627,1837.5,55514
20110628,1837.5,54478
20110629,1837.5,41335
20110630,1260,49422
20110701,1785,55691
20110702,1890,59439
20110704,1890,57143
20110705,1942.5,68912
20110707,1942.5,64932
20110708,1942.5,58526
20110709,1470,67233
20110711,1890,53734
20110712,1890,57285
20110714,1942.5,62228
20110715,1995,54988
20110716,1942.5,71103
20110719,1470,60996
20110720,1260,43989
20110721,1470,49822
20110722,1312.5,42789
20110723,1575,50870
20110725,1470,54251
20110726,1260,51768
20110728,1365,62130
20110729,1260,50018
20110730,1365,47767
20110801,1890,41540
20110802,1890,42185
20110803,1890,43519
20110804,1785,51281
20110805,1732.5,52489
20110806,1732.5,58058
20110808,1732.5,54524
20110809,1732.5,45223
20110810,1785,43559
20110811,1732.5,49256
20110812,1837.5,54724
20110813,2047.5,54298
20110818,2100,63568
20110819,2572.5,51111
20110820,2205,53394
20110822,2572.5,55864
20110823,2572.5,61676
20110825,2362.5,84314
20110826,2205,54831
20110827,2100,63392
20110829,1837.5,71843
20110830,1785,56364
20110831,1627.5,51769
20110901,1575,61412
20110902,1575,61665
20110903,1470,61728
20110905,1417.5,71452
20110906,1522.5,47274
20110907,1470,51177
20110908,1522.5,48089
20110909,1575,50236
20110910,1575,56496
20110912,1627.5,75895
20110913,1680,61406
20110915,1706.25,78721
20110916,1890,57091
20110917,1890,77880
20110920,1785,100384
20110921,1785,57267
20110922,1995,44210
20110924,2205,40079
20110926,2402,68998
20110927,2730,71749
20110929,2310,116112
20110930,1890,80921
20111001,1575,84122
20111003,1365,103141
20111004,1470,68804
20111005,1207.5,59153
20111006,1470,67164
20111007,1470,68536
20111008,1365,84058
20111011,1260,101482
20111012,1260,68880
20111013,1155,78389
20111014,1155,79117
20111015,1155,87851
20111017,840,111154
20111018,945,78796
20111019,945,67140
20111020,945,66000
20111021,788,78454
20111022,1050,90152
20111024,840,98585
20111025,840,82710
20111027,945,98403
20111028,945,84267
20111029,945,87568
20111031,840,114836
20111101,945,88773
20111102,1338.75,93446
20111104,892.5,121842
20111105,1338.75,103733
20111107,1260,125304
20111108,945,92743
20111110,1207.5,111530
20111111,1365,91524
20111112,1155,111957
20111114,1365,109790
20111115,1181.25,76167
20111116,1050,70573
20111117,1365,79661
20111118,1312.5,84842
20111119,892.5,96926
20111121,1155,104200
20111122,1365,85360
20111124,945,103910
20111125,1155,91031
20111126,1470,113836
20111128,1207.5,111590
20111129,1207.5,85219
20111130,1155,84739
20111201,1522.5,102530
20111202,1155,92004
20111203,1260,104611
20111205,1155,86240
20111206,1260,74174
20111207,1207.5,86356
20111208,1207.5,96218
20111209,1155,92748
20111210,1050,109951
20111212,1155,97513
20111213,1050,102546
20111215,945,118618
20111216,1050,83987
20111217,1050,108609
20111219,1050,107143
20111220,1050,89487
20111221,1102.5,81836
20111222,1050,92821
20111224,1155,119940
20111225,1050,84840
20111226,1207.5,107498
20111227,1312.5,104182
20111228,1365,120630
20111229,1470,126927
20120105,1575,126583
20120106,1575,58637
20120107,1732.5,111160
20120110,1811.25,122686
20120111,1312.5,85873
20120112,1365,78596
20120113,1312.5,83128
20120114,1207.5,100415
20120116,1155,82992
20120117,1207.5,91440
20120119,1207.5,101779
20120120,1155,79092
20120121,1155,85592
20120123,1365,80533
20120124,1575,62330
20120126,1575,74226
20120127,1522.5,69024
20120128,1417.5,87252
20120130,1312.5,81525
20120131,1260,69409
20120201,1312.5,68504
20120202,1260,70444
20120203,1260,75232
20120204,1365,78704
20120206,1365,81148
20120207,1522.5,64224
20120208,1627.5,62762
20120209,1785,58340
20120210,1732.5,86111
20120213,1575,97024
20120214,1522.5,303
20120215,1470,60995
20120216,1627.5,70261
20120217,1470,71141
20120218,1680,77910
20120220,1627.5,67712
20120221,1732.5,63002
20120223,1732.5,81128
20120224,1785,64904
20120225,1732.5,72062
20120227,1785,69475
20120228,1837.5,52373
20120229,2100,58257
20120301,1995,53763
20120302,1995,54949
20120303,1995,54364
20120305,2152.5,52718
20120306,2310,67274
20120308,2257.5,68057
20120309,2257.5,53246
20120310,2100,67128
20120312,2205,52188
20120313,2257.5,56677
20120315,2100,75400
20120316,2100,56158
20120317,1890,72590
20120319,1837.5,81579
20120321,1837.5,59871
20120322,1785,55692
20120323,1785,56264
20120324,1680,67402
20120326,1522.5,61204
20120327,1470,50180
20120328,1417.5,48632
20120329,1312.5,55816
20120330,1155,50358
20120331,1207.5,62916
20120402,1207.5,57290
20120403,1365,42653
20120404,1365,42049
20120405,1312.5,57281
20120406,1312.5,51520
20120407,1312.5,54749
20120409,1417.5,55426
20120410,1601.25,61814
20120412,1575,64797
20120413,1575,51798
20120414,1575,60346
20120416,1417.5,60192
20120417,1365,48133
20120418,1365,47970
20120419,1365,57578
20120420,1260,53519
20120421,1260,57935
20120423,1260,55676
20120424,1260,60334
20120426,1365,57173
20120427,1470,59064
20120428,1470,80397
20120501,1575,63467
20120502,1785,52947
20120503,2100,81423
20120507,2782.5,58269
20120508,3255,74625
20120510,2362.5,67993
20120511,2310,43619
20120512,2100,55172
20120514,2205,45315
20120515,2205,50813
20120516,1995,40014
20120517,2100,40170
20120518,2100,39619
20120519,2205,48820
20120521,2100,47903
20120522,2100,61726
20120524,2205,65395
20120525,2415,57430
20120526,1470,59891
20120528,1995,58110
20120529,2205,52762
20120530,2100,51886
20120531,1680,75637
20120601,1627.5,53342
20120602,1627.5,61659
20120604,1470,56014
20120605,1522.5,68518
20120607,1680,73221
20120608,1575,72397
20120609,1470,60279
20120611,1522.5,60554
20120612,1470,65794
20120614,1627.5,81382
20120615,1470,65303
20120616,1470,69839
20120618,1522.5,73227
20120619,1575,65809
20120621,1575,79767
20120622,1575,63858
20120623,1522.5,60993
20120625,1470,59078
20120626,1575,66994
20120628,1470,72380
20120629,1522.5,62059
20120702,1417.5,60002
20120703,1417.5,60388
20120704,1522.5,43266
20120705,1470,51641
20120706,1312.5,52676
20120707,1312.5,56984
20120709,1470,53586
20120710,1575,51146
20120712,1890,66224
20120713,1548.75,67280
20120714,1837.5,76126
20120717,1627.5,74418
20120718,1522.5,57301
20120719,1417.5,60693
20120720,1260,60549
20120721,1155,67008
20120723,1155,57048
20120724,1207.5,60980
20120726,1155,63308
20120727,1207.5,62145
20120728,1102.5,69375
20120730,1050,63830
20120731,1050,54410
20120801,1470,57841
20120802,1470,55806
20120803,1050,54942
20120804,1365,66843
20120806,1050,58845
20120807,1260,54074
20120808,1050,51870
20120809,1260,51255
20120810,1260,59706
20120811,1050,69836
20120813,1260,88289
20120817,1890,71563
20120818,1890,66367
20120820,1680,81925
20120821,1470,69909
20120823,1470,97156
20120824,1365,79908
20120825,866.25,78812
20120827,840,80843
20120828,1680,52235
20120829,682.5,46186
20120830,1680,51379
20120831,1050,49987
20120901,1155,59339
20120903,1260,66819
20120904,1365,47111
20120905,1365,53665
20120906,1417.5,62217
20120907,1417.5,66890
20120908,1365,70599
20120910,1365,85363
20120911,1417.5,70409
20120913,1680,76232
20120914,1522.5,65622
20120915,1575,76554
20120918,1365,108897
20120919,1286.25,72199
20120920,1365,71478
20120921,1575,75781
20120924,1470,91929
20120925,1522.5,63901
20120927,1785,82945
20120928,1890,63642
20120929,2047.5,81628
20121001,2362.5,75066
20121002,2257.5,68380
20121003,1995,63247
20121004,1837.5,61967
20121005,1785,76427
20121006,1785,80644
20121009,1575,103843
20121010,1575,72001
20121011,1575,79537
20121012,1470,82080
20121013,1470,94336
20121015,1627.5,95749
20121016,1627.5,70042
20121017,1680,67016
20121018,1365,78217
20121019,1365,83862
20121020,1365,88919
20121022,1365,102616
20121023,1365,85194
20121025,1470,114708
20121026,1470,84718
20121027,1522.5,91810
20121029,1522.5,99534
20121030,1522.5,84327
20121031,1680,75982
20121101,1365,94970
20121102,1365,106862
20121105,1575,113951
20121106,1680,72922
20121107,1470,77867
20121108,1470,87113
20121109,1680,87394
20121110,1575,93725
20121112,1522.5,85628
20121113,1575,83953
20121115,1575,115301
20121116,1575,93528
20121117,1680,95761
20121119,1732.5,102791
20121120,1680,76671
20121121,1732.5,80374
20121122,1207.5,107821
20121124,1260,125062
20121126,1260,107276
20121127,1260,96614
20121129,1365,123392
20121130,1260,82932
20121201,1470,107985
20121203,1260,100919
20121204,1155,75691
20121205,1365,78294
20121206,1312.5,74033
20121207,1365,85098
20121208,1260,113141
20121210,1417.5,101306
20121211,1155,105248
20121213,1050,115757
20121214,1470,92156
20121215,1365,107185
20121217,1365,104882
20121218,1260,76563
20121219,1312.5,80564
20121220,1365,78097
20121221,1365,95086
20121222,1365,97183
20121224,1470,97014
20121225,1680,96498
20121226,1575,96805
20121227,1680,102578
20121228,1785,121128
20121229,1732.5,121425
20130105,2677.5,107380
20130107,1732.5,83005
20130108,1785,86005
20130110,1785,122808
20130111,1732.5,99253
20130112,1837.5,122809
20130115,1627.5,88797
20130116,1680,80520
20130117,1680,72913
20130118,1575,63747
20130119,1470,78359
20130121,1470,73949
20130122,1470,73245
20130124,1470,101838
20130125,1417.5,72593
20130126,1312.5,86299
20130128,1312.5,77835
20130129,1312.5,78118
20130131,1312.5,77975
20130201,1260,68156
20130202,1470,84663
20130204,1365,74993
20130205,1365,72706
20130207,1365,83637
20130208,1365,78778
20130209,1417.5,89977
20130212,1260,89823
20130213,1260,64376
20130214,1260,66426
20130215,1260,67812
20130216,1155,84193
20130218,1260,67979
20130219,1312.5,80078
20130221,1365,74348
20130222,1470,58998
20130223,1470,88765
20130225,1575,88735
20130226,1470,78216
20130228,1417.5,88557
20130301,1365,68604
20130302,1365,70162
20130304,1417.5,69940
20130305,1417.5,77040
20130307,1470,83779
20130308,1417.5,66324
20130309,1260,73901
20130311,1260,65684
20130312,1050,58489
20130314,1155,74776
20130315,1050,60356
20130316,1102.5,65041
20130318,1155,73282
20130319,1102.5,73970
20130321,1050,79324
20130322,1102.5,49962
20130323,1102.5,58501
20130325,1102.5,63189
20130326,1050,69836
20130328,945,70625
20130329,997.5,62615
20130330,997.5,65438
20130401,1050,81051
20130402,1102.5,61023
20130403,1365,46550
20130404,1417.5,61402
20130405,1365,44690
20130406,1365,65769
20130408,1365,82940
20130409,1207.5,67408
20130411,1102.5,75366
20130412,1155,64399
20130413,1102.5,69374
20130415,1050,71322
20130416,1050,54243
20130417,1050,43717
20130418,945,53445
20130419,945,55392
20130420,945,56413
20130422,1050,69680
20130423,1260,69267
20130425,1575,73346
20130426,1575,65873
20130427,1575,78869
20130430,1470,76045
20130501,1470,52542
20130502,1470,56218
20130503,1575,56678
20130507,1470,77344
20130508,1680,58753
20130509,1470,49695
20130510,1365,46455
20130511,1260,63426
20130513,1260,56408
20130514,1470,48871
20130515,1785,35443
20130516,1890,45985
20130517,1575,50756
20130518,1680,56835
20130520,1365,53232
20130521,1260,61460
20130523,2100,55632
20130524,1785,57131
20130525,1995,62720
20130527,1995,51181
20130528,1995,52001
20130529,1995,48530
20130530,1680,49091
20130531,1890,52736
20130601,1680,56581
20130603,1785,51999
20130604,1890,72504
20130606,1680,66698
20130607,1890,59616
20130608,1785,67647
20130610,1890,56631
20130611,1680,64025
20130613,1785,66854
20130614,1680,60513
20130615,1890,59949
20130617,1995,57637
20130618,2047.5,59647
20130620,2100,72420
20130621,2205,65987
20130622,1995,55185
20130624,2100,57355
20130625,2100,60133
20130627,2100,58336
20130628,1995,52922
20130629,2100,60205
20130701,1995,63918
20130702,1890,52524
20130703,1942.5,47324
20130704,1995,57908
20130705,1890,56758
20130706,1995,59841
20130708,1890,50920
20130709,1995,57724
20130711,2100,54645
20130712,2362.5,51208
20130713,2362.5,64474
20130716,1995,59184
20130717,2047.5,49776
20130718,1837.5,51814
20130719,1627.5,57602
20130720,1785,53568
20130722,1365,46906
20130723,1575,52194
20130725,1680,60864
20130726,1680,53630
20130727,1575,52897
20130729,1575,46159
20130730,1575,39800
20130731,1575,29922
20130801,1995,44520
20130802,1995,50777
20130803,2100,57372
20130805,2100,56071
20130806,2100,47079
20130807,2100,51484
20130808,1995,54050
20130809,1995,48109
20130810,1995,66048
20130812,2100,63814
20130813,2100,64490
20130817,2730,68179
20130819,2415,66642
20130820,2310,64907
20130821,1995,67360
20130822,1785,67454
20130823,1575,61829
20130824,1575,63535
20130826,1470,73302
20130827,1470,70522
20130829,1365,98103
20130830,1260,69804
20130831,1470,76542
20130902,1207.5,81758
20130903,1522.5,50822
20130904,1680,47443
20130905,1785,45764
20130906,1837.5,50804
20130907,1890,61778
20130909,1837.5,76785
20130910,1890,78417
20130912,1680,99928
20130913,1680,88432
20130914,1680,88221
20130917,1575,126618
20130918,1575,58128
20130919,1575,49282
20130920,1680,63041
20130921,1575,85954
20130924,1575,116904
20130925,1575,74990
20130926,1470,75940
20130927,1470,78371
20130928,1365,87113
20130930,1365,95236
20131001,1365,81609
20131002,1260,75114
20131003,1260,84651
20131004,1260,73557
20131005,1365,89451
20131007,1155,116442
20131008,1260,85409
20131010,1260,120168
20131011,1260,91749
20131012,1260,93167
20131015,1260,110622
20131016,1260,75838
20131017,1365,80077
20131018,1470,90450
20131019,1365,96098
20131021,1365,118197
20131022,1365,97047
20131024,1470,114859
20131025,1575,110034
20131026,1680,125687
20131028,1575,113444
20131029,1470,68320
20131030,1575,79712
20131031,1470,84458
20131101,1470,107097
20131102,1470,120651
20131105,1260,137046
20131106,1365,102261
20131107,1365,95601
20131108,1155,98160
20131109,1155,108223
20131111,1155,114449
20131112,1260,91425
20131114,1365,122211
20131115,1365,88703
20131116,1470,106050
20131118,1575,110588
20131119,1470,83883
20131120,1575,93781
20131121,1575,110251
20131122,1680,117536
20131125,1470,121942
20131126,1470,101549
20131128,1312.5,137653
20131129,1627.5,99256
20131130,1260,116663
20131202,1365,99499
20131203,1260,79650
20131204,1260,82321
20131205,1365,98025
20131206,1312.5,98959
20131207,1260,114929
20131209,1155,110991
20131210,1155,92389
20131212,1050,128140
20131213,1155,90653
20131214,1155,116621
20131216,1155,102943
20131217,1365,72928
20131218,1155,91864
20131219,1365,83393
20131220,1260,88231
20131221,1260,95832
20131223,1680,83671
20131224,1470,80430
20131225,1680,96193
20131226,1680,114498
20131227,1785,109910
20131228,1890,139099
20131229,1680,143313
20140105,1890,100171
20140106,1890,66508
20140107,1785,90778
20140109,1680,112718
20140110,1785,114430
20140111,1785,132904
20140114,1575,124087
20140115,1575,94094
20140116,1575,96505
20140117,1365,94730
20140118,1365,98543
20140120,1365,85765
20140121,1365,91003
20140123,1260,120814
20140124,1365,85251
20140125,1365,93136
20140127,1155,81161
20140128,1260,76115
20140130,1155,95684
20140131,1260,63953
20140201,1155,93098
20140203,1365,82664
20140204,1260,85514
20140206,1365,105645
20140207,1470,71903
20140208,1680,90255
20140210,2100,89660
20140212,2520,92606
20140213,2310,71056
20140214,2310,65999
20140215,2625,85429
20140217,3465,57830
20140218,3570,76471
20140220,2940,85518
20140221,2205,64360
20140222,1890,75748
20140224,1785,69422
20140225,1680,70625
20140227,1890,81757
20140228,1890,59830
20140301,2100,79992
20140303,1890,65059
20140304,2205,55994
20140306,2415,75742
20140307,2310,75747
20140308,2100,67940
20140310,1785,73628
20140311,1785,67206
20140313,1785,86089
20140314,1785,62757
20140315,1680,60925
20140317,1627.5,62246
20140318,1575,53136
20140319,1627.5,54314
20140320,1627.5,71284
20140322,1627.5,80089
20140324,1680,72287
20140325,1575,70962
20140327,1470,82295
20140328,1417.5,60481
20140329,1470,61841
20140331,1365,63676
20140401,1404,57265
20140402,1404,48239
20140403,1350,56984
20140404,1350,60225
20140405,1350,62904
20140407,1296,61127
20140408,1350,71110
20140410,1242,76968
20140411,1242,64999
20140412,1242,67701
20140414,1188,64384
20140415,1242,67736
20140417,972,81817
20140418,1188,58284
20140419,1134,66657
20140421,1242,61715
20140422,1458,66065
20140424,1350,73653
20140425,1404,60472
20140426,1458,67937
20140428,1404,82740
20140430,1512,62693
20140501,1512,64764
20140502,1728,71500
20140506,3240,63394
20140507,1944,48601
20140508,1944,43792
20140509,1836,52794
20140510,1836,63181
20140512,1944,55782
20140513,1620,63645
20140515,2376,58519
20140516,1836,47284
20140517,2160,54860
20140519,2052,55063
20140520,1944,49772
20140521,1944,40483
20140522,2160,49390
20140523,2052,48484
20140524,2052,52864
20140526,2160,56280
20140527,2160,54677
20140529,2160,65190
20140530,2160,58935
20140531,2052,69199
20140602,1836,59447
20140603,1836,51912
20140605,1836,71149
20140606,1836,59437
20140607,1836,64824
20140609,2160,34834
20140610,2916,45274
20140612,2592,72167
20140613,2376,70047
20140614,2268,61266
20140616,1836,66897
20140617,1782,71090
20140619,1620,71140
20140620,1620,60694
20140621,1566,63724
20140623,1512,61986
20140624,1566,59843
20140626,1620,68208
20140627,1620,65734
20140628,1566,61749
20140630,1566,53027
20140701,1620,47491
20140702,1620,43218
20140703,1728,50719
20140704,1782,51499
20140705,1836,62198
20140707,1728,54583
20140708,2214,57146
20140710,2808,66188
20140711,2160,66194
20140712,1728,58057
20140714,1512,52570
20140715,1404,47293
20140716,1458,46404
20140717,1188,49874
20140718,1296,53707
20140719,1296,67453
20140722,1296,53897
20140723,1296,52691
20140724,1296,52906
20140725,1296,57972
20140726,1404,63197
20140728,1296,62344
20140729,1296,59734
20140731,1080,77687
20140801,1512,66341
20140802,1512,70368
20140804,1404,74404
20140805,1404,65041
20140806,1188,58285
20140807,1404,61817
20140808,1404,59791
20140809,1404,65066
20140811,1620,63397
20140812,1836,60147
20140813,1944,55309
20140814,2052,67320
20140818,2160,71507
20140819,2160,62822
20140820,1728,70357
20140821,1620,77883
20140822,1404,75861
20140823,1188,77796
20140825,1296,73488
20140826,1620,67404
20140828,1566,92720
20140829,1620,72172
20140830,1404,91230
20140901,1296,104810
20140902,1404,69271
20140903,1404,76951
20140904,1404,84312
20140905,1404,82195
20140906,1404,88935
20140908,1296,101124
20140909,1296,80653
20140911,1188,104389
20140912,1296,90206
20140913,1296,100267
20140916,1080,121238
20140917,1188,64142
20140918,1188,76939
20140919,1188,80229
20140920,1188,88480
20140922,1188,108949
20140924,1188,94933
20140925,1188,73412
20140926,1080,76856
20140927,1188,84326
20140929,1080,90363
20140930,1080,70419
20141001,1080,69477
20141002,1080,70505
20141003,972,66913
20141004,1080,79768
20141006,1080,89693
20141007,1188,72330
20141009,1188,107397
20141010,1188,93277
20141011,1188,99301
20141014,1080,129110
20141015,1080,90637
20141016,1080,97171
20141017,972,87110
20141018,1080,103139
20141020,972,121547
20141021,972,91925
20141023,972,131768
20141024,972,82411
20141025,972,100513
20141027,972,124780
20141028,972,95633
20141029,864,92521
20141030,864,86200
20141031,972,87885
20141101,972,120974
20141104,864,136301
20141105,972,93387
20141106,972,91261
20141107,972,97473
20141108,864,119911
20141110,972,116440
20141111,972,100813
20141113,972,125452
20141114,972,95616
20141115,972,113591
20141117,972,108434
20141118,972,94989
20141120,1080,133942
20141121,1080,111848
20141122,1188,129115
20141125,1080,130185
20141126,1188,100449
20141127,1188,97990
20141128,1188,83068
20141129,1080,95662
20141201,1188,107565
20141202,1188,72646
20141203,1134,78302
20141204,1134,78707
20141205,1188,92907
20141206,1188,115802
20141208,1188,108878
20141209,1188,102966
20141211,1404,121619
20141212,1404,99499
20141213,1404,125460
20141215,1296,101567
20141216,1404,93769
20141217,1620,92853
20141218,1404,88485
20141219,1512,96724
20141220,1620,106484
20141222,1512,135119
20141224,1512,122629
20141225,1512,107915
20141226,1512,100776
20141227,1620,113907
20141228,1620,111973
20141229,1728,125168
20150105,1836,112905
20150106,1512,97934
20150108,1404,127269
20150109,1404,92667
20150110,1404,130585
20150113,1296,118254
20150114,1296,82442
20150115,1188,94131
20150116,1188,81257
20150117,1188,108480
20150119,1188,82884
20150120,1188,80318
20150122,1188,99348
20150123,1188,85834
20150124,1188,98750
20150126,1188,79393
20150127,1296,83351
20150129,1404,111969
20150130,1404,81587
20150131,1404,92284
20150202,1296,98784
20150203,1404,90632
20150205,1404,104716
20150206,1620,78115
20150207,1296,104392
20150209,1296,84373
20150210,1512,89928
20150212,1296,98873
20150213,1512,81409
20150214,1404,91208
20150216,1296,86312
20150217,1296,67065
20150219,1404,88139
20150220,1512,76737
20150221,1512,72849
20150223,1404,84500
20150224,1620,86352
20150226,1728,91595
20150227,1512,67199
20150228,1512,71267
20150302,1404,78570
20150303,1728,81540
20150305,1404,84140
20150306,1620,65928
20150307,1620,71124
20150309,1296,74505
20150310,1404,58516
20150312,1512,74693
20150313,1620,61182
20150314,1404,77083
20150316,1404,78486
20150317,1620,70645
20150318,1512,52959
20150319,1512,67692
20150320,1512,83821
20150323,1404,68804
20150324,1512,66062
20150326,1404,90301
20150327,1404,74068
20150328,1188,70928
20150330,1296,64612
20150331,1296,48820
20150401,1188,54905
20150402,1188,57401
20150403,1188,56223
20150404,1188,59611
20150406,1188,64867
20150407,1404,50792
20150409,1836,69603
20150410,1944,56124
20150411,2160,55686
20150413,2052,80847
20150414,1944,63243
20150416,2268,74662
20150417,1836,53746
20150418,1944,60277
20150420,1836,69159
20150421,1836,62045
20150423,1728,71473
20150424,1836,54073
20150425,1728,61130
20150427,2160,65034
20150428,1944,52412
20150430,2160,61071
20150501,2160,55532
20150502,2376,83808
20150506,1944,64101
20150507,2052,50601
20150508,2268,47843
20150509,2268,53121
20150511,2052,49059
20150512,2484,53463
20150514,2700,61978
20150515,2484,47774
20150516,2484,49784
20150518,2268,46990
20150519,2160,37760
20150520,2052,41050
20150521,2268,42708
20150522,2268,43628
20150523,2160,53280
20150525,2376,56739
20150526,2376,63506
20150528,2484,62954
20150529,2268,52732
20150530,2484,61897
20150601,2160,59451
20150602,2160,58975
20150604,2052,64807
20150605,2052,60531
20150606,1836,61655
20150608,1944,59520
20150609,1944,60872
20150611,1944,70044
20150612,1836,57272
20150613,2052,74294
20150615,1836,60744
20150616,1944,55095
20150618,2106,71141
20150619,2214,59322
20150620,2268,62696
20150622,2430,50309
20150623,2430,62857
20150625,2322,64468
20150626,2160,59286
20150627,2160,65079
20150629,2160,55965
20150630,2052,56370
20150701,2160,53517
20150702,2160,55117
20150703,2106,56200
20150704,2214,53625
20150706,2376,40184
20150707,2916,42704
20150709,3780,47531
20150710,3132,56442
20150711,2916,56566
20150713,2268,64678
20150714,2052,52169
20150715,2106,48818
20150716,2052,53286
20150717,2160,57450
20150718,2052,73820
20150721,1836,66685
20150722,1728,54519
20150723,1620,62475
20150724,1836,60010
20150725,1836,63265
20150727,1620,65358
20150728,1728,60274
20150730,1512,84676
20150731,1512,66886
20150801,1944,70742
20150803,1728,76120
20150804,1728,57913
20150805,1620,52868
20150806,1620,60349
20150807,1512,61366
20150808,1512,76077
20150810,1296,75857
20150811,1404,56364
20150812,1620,57394
20150813,2160,74485
20150817,2592,49872
20150818,2268,38621
20150819,2484,47718
20150820,2052,60215
20150821,1944,67212
20150822,1944,77376
20150824,1620,89809
20150825,1620,65739
20150827,1296,93368
20150828,1350,69488
20150829,1404,81146
20150831,1512,94094
20150901,1944,73983
20150902,1944,58416
20150903,1890,66233
20150904,1944,71040
20150905,1944,83709
20150907,2160,85998
20150908,1944,58420
20150910,2376,92811
20150911,2052,67758
20150912,2052,69458
20150914,2052,88763
20150915,2160,49871
20150916,2160,59368
20150917,2268,69334
20150918,2700,77812
20150919,2376,93218
20150923,2052,132230
20150924,1944,78622
20150925,1944,74384
20150926,2160,81648
20150928,1836,101254
20150929,1944,73441
20150930,1728,61693
20151001,1944,82826
20151002,1944,72522
20151003,1944,81616
20151005,1836,102144
20151006,1944,78898
20151008,1944,98220
20151009,1620,92064
20151010,1836,108995
20151013,1728,135827
20151014,1728,84001
20151015,1728,83899
20151016,1728,84534
20151017,1836,96218
20151019,1404,113418
20151020,1728,94290
20151022,1620,130634
20151023,1620,107265
20151024,1350,111049
20151026,1728,124539
20151027,1404,95571
20151029,1404,129532
20151030,972,99585
20151031,1620,100474
20151102,1296,109571
20151104,1080,113126
20151105,1242,82117
20151106,1188,86849
20151107,1188,111261
20151109,1296,127920
20151110,1188,94466
20151112,1188,108201
20151113,1188,76804
20151114,1188,104921
20151116,1188,115646
20151117,1188,89581
20151119,1188,115946
20151120,1296,97910
20151121,1188,112719
20151124,1296,118123
20151125,1188,82524
20151126,1296,89501
20151127,1188,91271
20151128,1296,93897
20151130,1620,100742
20151201,1620,94432
20151202,1728,86051
20151203,1404,90276
20151204,1296,88999
20151205,1512,113705
20151207,1512,106005
20151208,1512,102715
20151210,1404,134258
20151211,1512,89207
20151212,1296,101221
20151214,1188,99997
20151215,1296,74291
20151216,1188,65788
20151217,1404,79094
20151218,1404,89448
20151219,1404,112789
20151221,1188,114422
20151222,1296,99120
20151224,1512,127704
20151225,1296,103610
20151226,1512,109635
20151227,1620,89275
20151228,1512,132027
20151229,1728,128574
20160105,3024,97296
20160106,1512,63813
20160107,1620,91559
20160108,3024,91336
20160109,1728,120378
20160112,1404,132092
20160113,1512,102596
20160114,1404,105454
20160115,1512,83793
20160116,1296,109192
20160118,1404,104515
20160119,1728,94138
20160121,1836,106139
20160122,2052,94143
20160123,1620,93599
20160125,1620,95095
20160126,1512,94636
20160128,1512,100416
20160129,1404,76275
20160130,1728,94034
20160201,1512,88396
20160202,1620,78188
20160204,1620,113267
20160205,1728,87789
20160206,1620,98277
20160208,1404,89163
20160209,1512,75020
20160210,1620,90824
20160212,1404,109009
20160213,1296,88491
20160215,1296,93886
20160216,1296,86929
20160218,1404,95786
20160219,1512,78847
20160220,1512,90987
20160222,1404,90645
20160223,1620,84828
20160225,1620,103081
20160226,1620,76341
20160227,1728,89164
20160229,1512,88349
20160301,1620,82756
20160303,1620,93624
20160304,1620,77662
20160305,1620,85234
20160307,1728,78833
20160308,1620,81747
20160310,1620,78959
20160311,1728,68120
20160312,1728,72645
20160314,1620,65041
20160315,1836,72865
20160317,1836,75896
20160318,2052,71548
20160319,2160,95822
20160322,1944,89572
20160323,1836,55885
20160324,1728,71190
20160325,1836,66080
20160326,1728,73347
20160328,1728,68152
20160329,1728,60157
20160330,1620,59986
20160331,1512,62768
20160401,1458,65763
20160402,1620,69728
20160404,1620,63029
20160405,1836,66502
20160407,1944,72154
20160408,2268,59152
20160409,2376,69906
20160411,2160,65128
20160412,2268,69951
20160414,2160,79381
20160415,2268,60739
20160416,2052,67696
20160418,2052,68621
20160419,2160,71998
20160421,2160,76496
20160422,2268,63300
20160423,2160,67332
20160425,2268,62063
20160426,2484,56618
20160427,2268,58402
20160428,2484,65731
20160430,2592,86791
20160502,2700,89895
20160506,2916,82147
20160507,3348,59847
20160509,3888,70586
20160510,3348,58674
20160512,2376,73266
20160513,2160,53515
20160514,2376,61343
20160516,1836,57891
20160517,1728,44648
20160518,1836,45378
20160519,2052,51141
20160520,2484,46955
20160521,2484,62444
20160523,2376,59505
20160524,2484,63245
20160526,2484,70822
20160527,2484,66511
20160528,2160,66591
20160530,2268,55010
20160531,2484,56889
20160602,2376,69115
20160603,2268,62715
20160604,2592,73201
20160606,2268,59221
20160607,2160,58756
20160609,2268,70718
20160610,2160,63709
20160611,2268,64562
20160613,2160,56637
20160614,2160,58604
20160616,2268,58295
20160617,2160,59524
20160618,2160,68842
20160620,2160,64862
20160621,2160,55576
20160623,2160,61316
20160624,2160,58916
20160625,2160,60839
20160627,2160,54597
20160628,2160,45155
20160629,2160,41632
20160630,2160,50830
20160701,2484,47217
20160702,1944,57224
20160704,2052,53572
20160705,2484,50563
20160706,2484,52806
20160707,2376,48583
20160708,2484,55351
20160709,2484,59990
20160711,2268,54567
20160712,2376,55783
20160714,1944,62991
20160715,2052,55698
20160716,2160,72443
20160719,2160,74414
20160720,2052,61612
20160721,1836,59108
20160722,1728,59854
20160723,1836,61768
20160725,1620,70420
20160726,1620,67243
20160728,1296,80421
20160729,1296,65234
20160730,1296,69772
20160801,1512,70715
20160802,1296,55308
20160803,1512,53060
20160804,1404,53814
20160805,1404,60039
20160806,1404,65746
20160808,1512,78479
20160809,1620,59130
20160810,1728,64812
20160812,1512,88871
20160813,1728,79221
20160817,2268,62732
20160818,2160,46023
20160819,1836,62725
20160820,2160,69307
20160822,1944,97813
20160823,1944,72968
20160825,1620,98283
20160826,1188,63399
20160827,1512,80283
20160829,1404,93937
20160830,1296,60760
20160831,1620,71971
20160901,1944,64185
20160902,1944,53081
20160903,1944,68742
20160905,1944,83327
20160906,1944,71516
20160907,2052,70787
20160908,1944,74367
20160909,1944,71285
20160910,1944,68066
20160912,1944,71925
20160913,1836,69834
20160915,1944,95960
20160916,2052,72062
20160917,2052,77886
20160920,2052,104182
20160921,2052,72365
20160923,2160,89328
20160924,2160,81480
20160926,2376,80136
20160927,2268,68915
20160929,2592,95318
20160930,2484,77930
20161001,2592,86374
20161003,2484,99098
20161004,2484,88070
20161006,2376,104696
20161007,2376,95428
20161008,2484,95537
20161011,1944,116191
20161012,2160,73455
20161013,2160,69686
20161014,2160,82715
20161015,2160,92168
20161017,2160,99031
20161018,1944,90781
20161020,2160,116804
20161021,2160,95516
20161022,1944,109771
20161024,1944,109668
20161025,2160,92516
20161027,2160,120002
20161028,2160,89720
20161029,2160,101382
20161031,2160,112674
20161101,1620,82141
20161102,1512,85190
20161104,1728,102549
20161105,1944,96274
20161107,2052,110170
20161108,2160,98105
20161110,2268,124461
20161111,2268,95062
20161112,2268,104298
20161114,2052,91476
20161115,2160,97657
20161117,1728,119616
20161118,1512,91484
20161119,1512,105287
20161121,1404,96073
20161122,1404,77011
20161124,1512,108991
20161125,1512,92273
20161126,1512,105375
20161128,1404,80309
20161129,1512,74151
20161130,1404,66778
20161201,2160,87641
20161202,1944,81715
20161203,2052,105697
20161205,1944,99609
20161206,2052,89780
20161208,1944,120443
20161209,1944,91053
20161210,1944,108240
20161212,1836,96488
20161213,2052,85727
20161214,1836,76163
20161215,1836,94878
20161216,1836,90844
20161217,1944,97996
20161219,1836,104557
20161220,2052,85819
20161221,1836,79766
20161222,1944,108369
20161224,1944,118338
20161225,1836,75873
20161226,1944,91565
20161227,2160,99868
20161228,2484,111999
20161229,2268,130717
20170105,1944,101696
20170106,2052,76893
20170107,2592,119643
20170110,1944,145310
20170111,1944,94621
20170112,1944,79192
20170113,1944,96351
20170114,1944,111069
20170116,1620,104409
20170117,1944,89669
20170119,1836,108283
20170120,1620,87918
20170121,1728,104313
20170123,1512,101586
20170124,1620,95231
20170126,1512,109703
20170127,1512,84786
20170128,1620,92756
20170130,1404,78400
20170131,1512,78507
20170202,1620,108724
20170203,1404,78104
20170204,1728,96102
20170206,1512,84941
20170207,1620,83898
20170208,1620,71382
20170209,1944,79997
20170210,2160,102574
20170213,2160,96553
20170214,2160,88943
20170216,2052,109818
20170217,2052,74267
20170218,2160,81252
20170220,2052,76483
20170221,2160,82116
20170223,1836,96509
20170224,1836,68902
20170225,2052,85958
20170227,1836,75116
20170228,2052,66143
20170301,1836,52102
20170302,2052,71528
20170303,1944,62438
20170304,2268,85248
20170306,1836,73720
20170307,2160,75989
20170309,1944,83859
20170310,1836,60721
20170311,1944,74431
20170313,1836,78512
20170314,2052,70317
20170316,1944,83266
20170317,2052,61738
20170318,1836,85565
20170321,2160,91356
20170322,1944,59497
20170323,2268,71578
20170324,2052,61103
20170325,2052,79175
20170327,1944,68516
20170328,2052,80119
20170330,2052,68768
20170331,1836,58891
20170401,1728,78035
20170403,1944,76081
20170404,2052,68641
20170406,1728,88735
20170407,1728,71560
20170408,1944,79220
20170410,1836,66072
20170411,1728,44944
20170413,1944,82025
20170414,1944,68266
20170415,2052,68642
20170417,2052,76709
20170418,1944,75631
20170420,1836,96302
20170421,1836,59876
20170422,1836,69508
20170424,1728,67079
20170425,1674,54642
20170426,1674,49547
20170427,1836,62210
20170428,1890,78803
20170501,1836,85636
20170502,1836,78521
20170506,1728,101641
20170508,1836,73829
20170509,1890,71371
20170511,2052,77173
20170512,1728,56533
20170513,1836,68846
20170515,1620,67896
20170516,1728,42172
20170517,1512,50048
20170518,1512,56765
20170519,1728,56919
20170520,1728,60813
20170522,1944,60824
20170523,1728,59604
20170525,2106,70253
20170526,1998,64493
20170527,1998,65229
20170529,1998,45182
20170530,1836,52086
20170531,1998,52558
20170601,1890,57389
20170602,2160,60817
20170603,1728,65717
20170605,1944,61646
20170606,1944,66614
20170608,1998,77054
20170609,1944,64674
20170610,2052,67880
20170612,2106,63812
20170613,2052,69496
20170615,2052,65725
20170616,2052,58264
20170617,2106,63095
20170619,2106,63123
20170620,2106,59109
20170622,2160,74258
20170623,2160,57675
20170624,2214,56542
20170626,2160,56947
20170627,2160,61702
20170629,2160,59785
20170630,2214,57806
20170701,2160,64619
20170703,2214,50321
20170704,2268,52393
20170706,2052,66949
20170707,2268,56364
20170708,2106,62357
20170710,2160,58062
20170711,1836,59832
20170712,1890,52845
20170713,1728,59529
20170714,1512,61549
20170715,1728,67005
20170718,1620,67860
20170719,1404,52263
20170720,1512,55776
20170721,1404,53656
20170722,1404,63590
20170724,1512,63272
20170725,1512,52412
20170727,1512,66814
20170728,1512,54575
20170729,1620,60535
20170731,1404,76306
20170801,1674,55405
20170802,1674,51471
20170803,1620,57710
20170804,1620,59727
20170805,1620,65015
20170807,1512,79160
20170808,1566,61910
20170809,1836,64857
20170810,1836,69499
20170812,1944,67029
20170816,2376,51122
20170817,2808,22483
20170818,2700,33782
20170819,3348,67519
20170821,2700,98081
20170822,2376,67841
20170824,1620,111168
20170825,2700,72877
20170826,1404,67207
20170828,1296,77718
20170829,1404,52305
20170831,1512,100699
20170901,1512,70130
20170902,1512,77573
20170904,1512,84436
20170905,1512,64097
20170906,1620,63164
20170907,1620,78967
20170908,1512,82356
20170909,1566,86026
20170911,1512,88611
20170912,1512,69257
20170914,1512,98130
20170915,1458,74589
20170916,1512,78870
20170919,1566,107974
20170920,1566,63174
20170921,1620,72462
20170922,1512,74619
20170925,1620,113328
20170926,1674,72379
20170928,1620,99975
20170929,1620,86953
20170930,1485,98683
20171002,1404,84814
20171003,1350,74460
20171005,1512,111388
20171006,1512,79637
20171007,1512,94726
20171010,1404,117815
20171011,1296,72438
20171012,1512,81858
20171013,1512,80092
20171014,1458,93110
20171016,1458,86549
20171017,1512,90668
20171019,1620,104063
20171020,1620,92091
20171021,1728,109680
20171023,1782,100138
20171024,1890,77095
20171026,2052,72143
20171027,2106,79596
20171028,2160,86568
20171030,2268,118212
20171031,2160,96760
20171101,2160,79612
20171102,2052,88197
20171104,1620,142709
20171106,1512,115762
20171107,1512,95021
20171109,1404,126950
20171110,1512,90885
20171111,1404,108968
20171113,1404,111709
20171114,1512,91351
20171116,1512,129258
20171117,1512,91127
20171118,1512,103056
20171120,1620,93171
20171121,1944,78634
20171122,2052,86620
20171124,2268,107342
20171125,2268,104920
20171127,2160,100713
20171128,2160,81027
20171129,2052,68234
20171130,2052,75131
20171201,2484,77403
20171202,2160,99262
20171204,2268,92544
20171205,2592,90883
20171207,2160,117150
20171208,1728,85504
20171209,1728,97078
20171211,1728,103367
20171212,1728,83392
20171213,1728,74711
20171214,1836,83519
20171215,1836,75059
20171216,1944,88005
20171218,1836,93664
20171219,1944,86851
20171220,1836,78175
20171221,1836,83250
20171222,1620,84263
20171223,1836,96565
20171225,1620,100630
20171226,1836,93047
20171227,2052,91698
20171228,2376,105824
20171229,2376,125179
20180105,2268,90958
20180106,2376,95498
20180109,1944,129225
20180110,1944,81301
20180111,2052,85619
20180112,2160,74437
20180113,2160,105599
20180115,1944,95083
20180116,1944,91364
20180118,1836,111709
20180119,1728,91535
20180120,1836,96991
20180122,1836,86003
20180123,2052,73087
20180125,2160,100824
20180126,1944,78554
20180127,1944,83944
20180129,1944,77601
20180130,2268,74686
20180201,2268,95372
20180202,2376,76899
20180203,2484,82822
20180205,2160,69961
20180206,2322,71263
20180208,2268,94568
20180209,2268,71315
20180210,2160,93930
20180213,2214,101412
20180214,2376,68686
20180215,2268,67107
20180216,2160,61491
20180217,2052,69679
20180219,2268,67830
20180220,2484,69044
20180222,2430,81168
20180223,2538,66082
20180224,2646,77619
20180226,2808,66120
20180227,2700,74812
20180301,2592,90141
20180302,2592,64592
20180303,2592,78232
20180305,2430,66316
20180306,2160,57491
20180308,2538,78505
20180309,2268,60382
20180310,2376,70834
20180312,2268,59925
20180313,2430,62904
20180315,2052,79413
20180316,1998,63937
20180317,1836,68030
20180319,1728,68065
20180320,1728,62204
20180322,1728,85427
20180323,1782,57279
20180324,1782,55606
20180326,1782,62638
20180327,1836,71878
20180329,1620,88409
20180330,1458,73378
20180331,1566,81716
20180402,1296,67495
20180403,1296,67696
20180405,1242,77114
20180406,1188,66378
20180407,1296,71296
20180409,1296,71651
20180410,1350,66338
20180412,1404,77198
20180413,1458,65004
20180414,1566,69687
20180416,1620,76259
20180417,1620,69557
20180419,1620,74849
20180420,1674,63646
20180421,1782,66357
20180423,1782,66102
20180424,1944,57704
20180426,1998,76005
20180427,1836,66456
20180428,2052,66301
20180501,1944,78444
20180502,2268,60587
20180503,1944,70896
20180507,2052,71126
20180508,2484,63929
20180510,2160,63416
20180511,2376,48548
20180512,2808,52109
20180514,2916,72062
20180515,2700,77317
20180517,1944,74199
20180518,1836,59710
20180519,1296,67224
20180521,1728,65669
20180522,2160,58069
20180524,1944,73990
20180525,1944,67600
20180526,1890,63944
20180528,1836,60035
20180529,1728,63172
20180531,2052,78076
20180601,1836,72856
20180602,1728,69433
20180604,1728,68052
20180605,1782,69732
20180607,1782,77320
20180608,1728,70811
20180609,1728,69771
20180611,1728,69102
20180612,1836,68820
20180614,1728,63231
20180615,1782,61362
20180616,1782,70036
20180618,1944,60391
20180619,1998,64719
20180621,2052,83560
20180622,1944,74101
20180623,1944,59219
20180625,1782,72798
20180626,1728,60028
20180628,1674,72234
20180629,1566,61055
20180630,1404,67541
20180702,1458,65536
20180703,1566,60723
20180705,1566,69748
20180706,1296,58854
20180707,1620,63552
20180709,1728,44296
20180710,1782,55762
20180711,1836,48776
20180712,1728,57517
20180713,1620,63001
20180714,1620,70634
20180717,1728,63879
20180718,1728,56496
20180719,1620,58950
20180720,1404,55858
20180721,1296,64363
20180723,1620,69932
20180724,1512,53440
20180726,1728,63796
20180727,1620,54504
20180728,1728,65835
20180730,1728,71207
20180731,1728,53506
20180801,1836,49460
20180802,1836,52959
20180803,1836,52893
20180804,1836,62737
20180806,1728,69507
20180807,1944,49271
20180808,2052,49264
20180809,2052,53374
20180810,2160,50231
20180811,2160,67873
20180813,2376,83991
20180817,3240,62676
20180818,3024,54902
20180820,2484,73858
20180821,2484,70052
20180823,2160,105504
20180824,1944,81758
20180825,1836,87449
20180827,2484,107751
20180828,1620,63444
20180830,1512,91313
20180831,1512,78110
20180901,2376,72540
20180903,2376,71617
20180904,2376,56511
20180906,2376,86820
20180907,2592,63079
20180908,2592,71844
20180910,2160,83517
20180911,2268,57079
20180913,2376,59990
20180914,2484,53819
20180915,2484,76379
20180918,3024,118849
20180919,3024,74895
20180920,3024,78464
20180921,3024,77792
20180922,3024,84378
20180925,3024,122888
20180926,3024,63251
20180927,1944,72696
20180928,3024,74517
20180929,3024,83469
20181001,2484,90234
20181002,2484,70549
20181004,2592,80453
20181005,2592,68296
20181006,2592,81423
20181009,2484,117833
20181010,2484,83181
20181011,2484,75443
20181012,2484,77654
20181013,2484,92955
20181015,2268,94486
20181016,2376,79494
20181018,2376,120654
20181019,2268,101726
20181020,2268,111907
20181022,2268,126553
20181023,2268,90692
20181025,2160,130932
20181026,2268,95745
20181027,2160,105465
20181029,2268,127729
20181030,2160,88744
20181031,2160,76750
20181101,1620,77688
20181102,1782,78009
20181105,1620,126161
20181106,1836,96985
20181108,1728,137353
20181109,1728,98417
20181110,1674,112418
20181112,1296,124726
20181113,1620,96650
20181115,1188,124412
20181116,1296,86144
20181117,1404,103999
20181119,1404,109412
20181120,1404,80396
20181121,1404,83561
20181122,1512,92460
20181124,1512,138101
20181126,1620,107553
20181127,1620,76879
20181128,1620,76608
20181129,1620,85888
20181130,1620,87021
20181201,1836,108550
20181203,1836,105861
20181204,1836,90534
20181206,1944,123961
20181207,1944,90856
20181208,1836,111165
20181210,1728,101097
20181211,1836,105674
20181213,1728,140782
20181214,1728,94951
20181215,1728,102069
20181217,1728,112448
20181218,1836,96891
20181219,1728,89997
20181220,1728,97764
20181221,1728,98012
20181222,1836,124618
20181224,1836,116465
20181225,1836,105747
20181226,1836,92992
20181227,1944,117623
20181228,2052,130226
20181229,2052,151622
20190105,1512,114021
20190107,1674,108864
20190108,1674,109787
20190110,1350,140493
20190111,1566,97545
20190112,1620,128593
20190115,1350,138906
20190116,1350,95562
20190117,1404,100382
20190118,1512,96184
20190119,1350,115008
20190121,1242,108159
20190122,1296,100745
20190124,1134,130583
20190125,1188,87574
20190126,1296,107904
20190128,1242,94053
20190129,1404,85743
20190131,1350,119946
20190201,1512,85126
20190202,1620,103437
20190204,1566,84532
20190205,1620,87255
20190207,1620,109811
20190208,1728,84146
20190209,1782,101101
20190212,1674,118255
20190213,1782,77587
20190214,1836,75179
20190215,1782,76020
20190216,1782,85587
20190218,1566,88117
20190219,1674,82593
20190221,1242,107580
20190222,1512,72179
20190223,1620,79628
20190225,1350,81600
20190226,1458,77151
20190228,1404,90867
20190301,1458,70285
20190302,1512,87320
20190304,1512,62944
20190305,1620,75711
20190307,1620,72414
20190308,1512,70641
20190309,1620,86029
20190311,1512,80177
20190312,1458,89150
20190314,1296,98322
20190315,1404,70820
20190316,1242,77418
20190318,1188,88877
20190319,1242,68949
20190320,1188,73376
20190322,1188,86954
20190323,1296,71177
20190325,1188,75040
20190326,1296,74399
20190328,1134,92879
20190329,1242,73185
20190330,1188,79604
20190401,1134,82867
20190402,1188,68278
20190404,1188,94497
20190405,1296,69301
20190406,1242,82419
20190408,1242,80048
20190409,1404,78527
20190411,1458,79625
20190412,1512,69144
20190413,1566,67433
20190415,1620,78609
20190416,1566,80641
20190418,1566,83977
20190419,1512,69464
20190420,1512,76235
20190422,1458,69001
20190423,1512,68832
20190425,1512,76143
20190426,1512,56007
20190427,1620,68270
20190429,2106,68520
20190502,2160,96523
20190503,2052,82675
20190506,2160,76803
20190507,1836,72393
20190509,1728,88197
20190510,1512,68310
20190511,1188,79883
20190513,1728,70614
20190514,1728,68191
20190516,1728,74499
20190517,1728,62115
20190518,1728,70874
20190520,2160,63868
20190521,2160,64920
20190523,2160,66728
20190524,2268,55002
20190525,2268,65934
20190527,2160,63034
20190528,2160,69628
20190530,2160,74473
20190531,1728,63033
20190601,1998,73196
20190603,2052,72888
20190604,2052,66924
20190606,1998,77323
20190607,2052,66682
20190608,1836,75703
20190610,2106,68318
20190611,2160,65607
20190613,2160,69676
20190614,2160,72122
20190615,2106,76022
20190617,2052,77355
20190618,1998,71933
20190620,1890,81319
20190621,1890,69431
20190622,1890,76341
20190624,1890,72266
20190625,1836,67249
20190627,1836,68723
20190628,1836,69295
20190629,1782,80270
20190701,1728,63189
20190702,1944,47684
20190704,2106,60819
20190705,2106,62091
20190706,2052,67508
20190708,2106,60273
20190709,2106,58763
20190711,2106,74066
20190712,1944,68499
20190713,1944,84422
20190716,1836,70496
20190717,1836,52591
20190718,1836,56214
20190719,1620,58556
20190720,1620,71162
20190722,1512,70779
20190723,1620,70914
20190725,1404,76695
20190726,1296,65183
20190727,540,74068
20190729,1188,79188
20190730,1296,63011
20190801,1890,90786
20190802,1998,65953
20190803,1188,82033
20190805,1350,80318
20190806,1350,67182
20190808,1782,91323
20190809,1242,76865
20190810,1242,75907
20190812,1404,80790
20190813,1566,70341
20190817,2160,80135
20190819,1836,80932
20190820,1836,73964
20190822,1512,110575
20190823,1404,78149
20190824,1296,81450
20190826,2700,86944
20190827,1188,64528
20190829,1188,96447
20190830,1080,76202
20190831,1188,84519
20190902,1296,72148
20190903,1458,69089
20190905,1458,85536
20190906,1458,73045
20190907,1512,81199
20190909,1512,93266
20190910,1512,66076
20190912,1620,87423
20190913,1620,65663
20190914,1728,77227
20190917,1728,107765
20190918,1728,59774
20190919,1836,66769
20190920,1728,76900
20190921,1728,87959
20190924,1836,122432
20190925,1728,58583
20190926,1728,65638
20190927,1728,65133
20190928,1620,76130
20190930,1728,95698
20191001,1728,79483
20191003,1620,98534
20191004,1512,78283
20191005,1512,91304
20191007,1404,99495
20191008,1404,67882
20191010,1620,113871
20191011,1512,88926
20191012,1512,79383
20191015,1512,117944
20191016,1620,53048
20191017,1728,68134
20191018,1728,87168
20191019,1728,106635
20191021,1728,132548
20191023,1728,104488
20191024,1728,98670
20191025,1728,102421
20191026,1728,98424
20191028,1512,134665
20191029,1512,85657
20191031,1512,114279
20191101,1512,89693
20191102,1512,106429
20191105,1512,144118
20191106,1512,82423
20191107,1512,93719
20191108,1620,93680
20191109,1620,109971
20191111,1512,128289
20191112,1620,93541
20191114,1512,126917
20191115,1620,89763
20191116,1512,103004
20191118,1512,119512
20191119,1620,91235
20191121,1728,112642
20191122,1620,115815
20191125,1620,132442
20191126,1620,84939
20191128,1620,108698
20191129,1728,88011
20191130,1620,107045
20191202,2052,115404
20191203,2268,105542
20191205,2268,135051
20191206,2052,103390
20191207,2160,111248
20191209,2052,104093
20191210,2052,104968
20191212,1728,134215
20191213,1944,107145
20191214,2052,118761
20191216,1728,112191
20191217,1836,103777
20191219,1296,128024
20191220,1728,91884
20191221,1836,111805
20191223,1728,102391
20191224,1188,110973
20191225,1620,92720
20191226,972,104067
20191227,1188,111480
20191228,1728,129395
20191229,2160,133258
20200105,2214,119321
20200106,2376,106699
20200109,1728,157179
20200110,1836,116853
20200111,1512,126630
20200114,1512,161301
20200115,1188,100327
20200116,1296,105997
20200117,1620,108403
20200118,864,104505
20200120,1296,109333
20200121,1296,94801
20200123,1188,127521
20200124,1728,94303
20200125,1188,117468
20200127,1188,97871
20200128,1296,102346
20200130,1188,124107
20200131,1296,91040
20200201,1188,96688
20200203,1080,102749
20200204,1188,82089
20200206,1080,108090
20200207,1296,82906
20200208,1188,108374
20200210,1188,108601
20200212,1188,113160
20200213,1080,85830
20200214,1296,81621
20200215,1188,94668
20200217,1188,92985
20200218,1188,82682
20200220,1080,99300
20200221,1188,85997
20200222,1188,101079
20200225,1080,111630
20200226,1080,74511
20200227,1188,81049
20200228,1080,79653
20200229,1296,79162
20200302,1188,97393
20200303,1404,91336
20200305,1296,100812
20200306,1296,88805
20200307,1296,81135
20200309,1188,84252
20200310,1296,72289
20200312,1080,95871
20200313,1296,67197
20200314,1296,85442
20200316,1080,94087
20200317,1296,67636
20200318,1188,62838
20200319,1188,91601
20200321,1296,114944
20200323,1296,74648
20200324,1404,90042
20200326,1188,96780
20200327,1296,76212
20200328,1512,92500
20200330,1620,91862
20200331,1620,74592
20200402,1728,79477
20200403,2160,70893
20200404,2052,74098
20200406,1836,72062
20200407,1620,74104
20200409,1728,101067
20200410,1512,66564
20200411,1620,85275
20200413,1512,75835
20200414,1620,71052
20200416,1404,77174
20200417,1620,62838
20200418,1728,77422
20200420,1836,83869
20200421,1944,65817
20200423,1512,73484
20200424,1512,60775
20200425,1728,72188
20200427,2052,75560
20200428,2268,71481
20200430,2484,93710
20200501,2052,65261
20200502,2268,79443
20200504,2376,89244
20200507,1620,76084
20200508,1404,64871
20200509,1512,58790
20200511,1620,75084
20200512,1512,70153
20200514,1620,79548
20200515,1728,65033
20200516,1188,65200
20200518,1944,75265
20200519,1944,63776
20200521,2052,78254
20200522,1944,54074
20200523,2268,62706
20200525,2268,70286
20200526,2268,68863
20200528,2376,84852
20200529,2268,70106
20200530,2376,77975
20200601,2322,78140
20200602,2214,74423
20200604,2052,84840
20200605,1998,73664
20200606,1998,78006
20200608,2268,70224
20200609,2214,72327
20200611,2160,78954
20200612,2106,66594
20200613,1782,74483
20200615,2160,55592
20200616,1890,53116
20200618,2214,82716
20200619,2484,70753
20200620,2484,77509
20200622,1836,59784
20200623,2484,57938
20200625,2484,58668
20200626,3014,57384
20200627,2160,67515
20200629,2322,73390
20200630,3132,63236
20200702,2268,79628
20200703,2700,53914
20200704,3132,55362
20200706,3132,59803
20200707,3132,51534
20200709,3402,46497
20200710,3240,44100
20200711,4320,48420
20200713,3240,58592
20200714,3240,53633
20200716,3240,78162
20200717,3240,46698
20200718,2700,59945
20200720,3240,52569
20200721,3240,50268
20200722,3240,58281
20200724,2160,83973
20200725,3240,55978
20200727,3240,62621
20200728,3240,37798
20200730,3240,79285
20200731,3240,50683
20200801,3078,63418
20200803,2700,82408
20200804,2592,64431
20200806,2700,93512
20200807,2700,64136
20200808,2700,63375
20200811,2700,117998
20200812,2700,59734
20200813,2700,54433
20200817,2700,102727
20200818,3024,41635
20200820,3024,94580
20200821,3024,69644
20200822,3024,74103
20200824,3024,106714
20200825,1620,58619
20200827,1620,105817
20200828,1620,63402
20200829,1188,66476
20200831,1620,91362
20200901,1620,57013
20200903,1620,75800
20200904,1620,57741
20200905,1620,65256
20200907,1620,90588
20200908,1620,59646
20200910,1620,100754
20200911,1620,65333
20200912,1620,68852
20200914,1620,88702
20200915,2160,64475
20200917,2160,72216
20200918,2160,53584
20200919,2268,68758
20200921,2160,92841
20200924,2160,129743
20200925,2160,62502
20200926,2160,69427
20200928,2160,97805
20200929,2484,64392
20201001,2484,101719
20201002,2214,75842
20201003,2484,85976
20201005,2484,114976
20201006,2484,73225
20201008,2484,86170
20201009,2106,72311
20201010,2484,81742
20201012,2484,108575
20201013,2484,74480
20201015,2484,119744
20201016,2484,86851
20201017,2484,107127
20201019,1836,133347
20201020,2484,85395
20201022,2160,135381
20201023,2160,95711
20201024,1728,101864
20201026,2160,121604
20201027,2160,75672
20201029,2160,114685
20201030,2160,91161
20201031,2160,104769
20201102,2160,131214
20201104,1944,112399
20201105,1944,85422
20201106,1944,87921
20201107,1944,92026
20201109,1944,122118
20201110,1944,96521
20201112,1944,125082
20201113,1944,80149
20201114,1944,95217
20201116,1944,127973
20201117,1944,95668
20201119,1944,140417
20201120,1944,99022
20201121,1404,111967
20201124,1944,176744
20201125,1944,85217
20201126,1404,96765
20201127,1404,88517
20201128,1404,103244
20201130,1404,115403
20201201,1620,90234
20201203,1620,131196
20201204,1728,89103
20201205,1620,110272
20201207,1728,107115
20201208,1620,90624
20201210,1620,132896
20201211,1512,94361
20201212,1512,106353
20201214,1512,127522
20201215,1404,99352
20201217,1512,139750
20201218,1512,101136
20201219,1404,110943
20201221,1512,112214
20201222,2700,101970
20201224,2700,132363
20201225,2700,98351
20201226,2700,130529
20201228,2700,166878
20201229,2700,140108
20210105,2700,240602
20210107,2700,123791
20210108,2700,95324
20210109,2700,129027
20210112,2700,155428
20210113,2700,80209
20210114,2700,98010
20210115,2700,79117
20210116,2700,102661
20210118,2700,100242
20210119,2700,99375
20210121,2700,123494
20210122,2700,77474
20210123,2700,102232
20210125,2700,82259
20210126,2700,85503
20210128,2700,94366
20210129,2160,75990
20210130,2268,84376
20210201,2700,84029
20210202,2700,71142
20210204,2700,92438
20210205,2700,65178
20210206,2700,86072
20210208,2700,83942
20210209,3240,57772
20210210,3240,78632
20210212,3240,89203
20210213,3240,69700
20210215,3240,76317
20210216,3240,55660
20210218,3240,75273
20210219,3240,52658
20210220,3240,72446
20210222,3240,87743
20210224,3240,78175
20210225,2700,57461
20210226,3240,58754
20210227,2700,71962
20210301,3240,76364
20210302,3240,61440
20210304,3240,92563
20210305,3240,53892
20210306,3240,74322
20210308,3240,84397
20210309,3240,58820
20210311,3240,79118
20210312,3240,59479
20210313,3240,79078
20210315,3240,72577
20210316,2160,49895
20210317,3240,43754
20210318,2700,67322
20210319,2700,71661
20210322,2700,92316
20210323,2700,57655
20210325,2484,67481
20210326,2700,56800
20210327,2700,69999
20210329,2700,65851
20210330,2700,55912
20210401,2700,72908
20210402,2700,49126
20210403,2700,63583
20210405,2700,63681
20210406,2700,56192
20210408,2700,64954
20210409,2700,50139
20210410,2160,63744
20210412,2700,66019
20210413,2700,58198
20210415,3240,75052
20210416,3240,58890
20210417,3240,56973
20210419,3240,73673
20210420,3240,61969
20210422,2376,71713
20210423,2484,56747
20210424,2484,58585
20210426,2484,64546
20210427,2484,54533
20210428,2484,60747
20210430,2484,76692
20210501,2484,66638
20210503,2376,86998
20210506,3240,91625
20210507,2160,65411
20210508,2160,66349
20210510,2052,76369
20210511,1944,65795
20210513,2052,85448
20210514,1944,63738
20210515,1944,67863
20210517,2052,81283
20210518,1944,66938
20210520,1944,71895
20210521,1944,58169
20210522,1944,70907
20210524,1944,66773
20210525,1944,66534
20210527,1944,88842
20210528,1836,70116
20210529,1944,75079
20210531,1944,76497
20210601,1836,74240
20210603,1944,79182
20210604,1836,62282
20210605,1836,73539
20210607,1944,61938
20210608,1836,66539
20210610,1836,78137
20210611,1944,63684
20210612,1836,73557
20210614,1836,68491
20210615,1836,68574
20210617,1728,77922
20210618,1620,68623
20210619,1404,77592
20210621,1620,71155
20210622,1620,59048
20210624,1620,78814
20210625,1620,64088
20210626,1512,66353
20210628,1512,77121
20210629,1404,78879
20210701,1512,78353
20210702,1620,53721
20210703,1080,65335
20210705,2052,40536
20210706,1944,44320
20210708,2052,64884
20210709,1836,63532
20210710,1728,63559
20210712,1836,59153
20210713,1728,62975
20210715,1728,67699
20210716,1404,62316
20210717,1296,63346
20210719,1080,76167
20210720,1080,54660
20210721,972,56654
20210723,972,80104
20210724,864,67485
20210726,1242,78670
20210727,972,54809
20210728,972,63615
20210729,972,52737
20210731,1404,86510
20210802,756,93363
20210803,756,60518
20210804,756,58413
20210805,756,67982
20210807,864,93514
20210810,756,114922
20210811,864,61477
20210812,1188,66617
20210813,1512,60267
20210817,2700,76741
20210819,2052,84097
20210820,1728,67623
20210821,1188,73537
20210823,648,111704
20210824,756,73646
20210826,1296,94457
20210827,1242,61599
20210828,648,64196
20210830,1080,92958
20210831,756,54381
20210902,1404,93397
20210903,1404,68292
20210904,1512,66753
20210906,1620,91736
20210907,1836,61516
20210909,1944,116803
20210910,1944,83590
20210911,1836,88990
20210913,1728,108456
20210914,1728,71943
20210916,1620,106489
20210917,1620,79126
20210918,1512,80767
20210921,1269,157700
20210922,1296,64837
20210924,1296,106035
20210925,1296,71683
20210927,1296,95558
20210928,1296,66308
20210930,1188,108475
20211001,1566,75929
20211002,1296,79312
20211004,1620,93024
20211005,1728,61921
20211007,1620,107159
20211008,1728,84230
20211009,1728,85839
20211011,1404,109601
20211012,1404,75324
20211014,1512,104645
20211015,1404,73269
20211016,1512,82883
20211018,1350,104376
20211019,1350,70973
20211021,1350,111332
20211022,1350,94578
20211023,1350,103974
20211025,1350,112060
20211026,1512,89788
20211028,1512,138234
20211029,1512,98037
20211030,1512,107816
20211101,1080,130558
20211102,972,91549
20211104,972,128783
20211105,864,100861
20211106,864,103776
20211108,864,123852
20211109,864,94686
20211111,864,124258
20211112,864,99935
20211113,864,92361
20211115,972,104288
20211116,1080,83947
20211118,972,123475
20211119,972,100807
20211120,972,106428
20211122,972,137313
20211124,972,123693
20211125,972,86596
20211126,1080,102517
20211127,1080,110311
20211129,1080,125677
20211130,1080,93356
20211202,1188,121107
20211203,1188,103736
20211204,1188,111189
20211206,1188,127204
20211207,1188,99728
20211209,1188,122447
20211210,1188,103198
20211211,1188,94461
20211213,1080,112248
20211214,1080,104372
20211216,1080,139557
20211217,1080,93195
20211218,1188,108517
20211220,1188,127614
20211221,1188,98061
20211223,1188,137914
20211224,1404,100980
20211225,1620,124030
20211227,1512,157743
20211228,1728,136119
20211229,1728,143558
20220105,2160,229443
20220106,1944,77454
20220107,1728,88580
20220108,1728,124975
20220111,1404,147165
20220112,1404,103550
20220113,1296,107101
20220114,1296,102707
20220115,1188,125269
20220117,1080,127342
20220118,1080,107033
20220120,972,151634
20220121,972,92978
20220122,972,105991
20220124,972,95705
20220125,1080,92481
20220127,1080,118397
20220128,1080,86669
20220129,1188,101523
20220131,1080,98698
20220201,1080,89243
20220203,1296,110231
20220204,1296,80883
20220205,1161,94718
20220207,1404,92724
20220208,1296,84672
20220210,1728,105926
20220211,1836,64181
20220212,1728,91476
20220214,1728,91477
20220215,1836,78223
20220217,1836,91725
20220218,1836,61716
20220219,1836,83859
20220221,1728,83307
20220222,1944,72218
20220224,1728,87930
20220225,1728,64872
20220226,1836,77410
20220228,1836,75130
20220301,1944,57916
20220303,1728,81496
20220304,2052,56803
20220305,1944,67208
20220307,1944,75853
20220308,1944,71070
20220310,1728,94336
20220311,1836,57111
20220312,1728,74908
20220314,1728,84246
20220315,1620,62838
20220317,1404,94529
20220318,1512,65789
20220319,1620,79912
20220322,1620,91519
20220323,1620,47656
20220324,1620,63279
20220325,1620,53259
20220326,1620,68307
20220328,1620,84950
20220329,1620,68615
20220331,1620,84734
20220401,1620,66963
20220402,1728,84092
20220404,1728,73063
20220405,1566,63241
20220407,1566,67601
20220408,1512,55658
20220409,1566,79194
20220411,1566,81787
20220412,1566,63109
20220414,1512,87321
20220415,1566,64275
20220416,1512,80713
20220418,1512,56867
20220419,1620,62683
20220421,1512,99554
20220422,1620,60268
20220423,1512,74887
20220425,1620,69674
20220426,1620,66220
20220428,1620,86705
20220429,1728,59775
20220430,1728,75414
20220502,1728,107367
20220506,1620,123143
20220507,1728,69734
20220509,1728,75812
20220510,1728,62522
20220512,1728,90146
20220513,1836,66359
20220514,1836,73915
20220516,1728,61041
20220517,1836,51750
20220519,1944,58496
20220520,2160,50645
20220521,2160,67579
20220523,2376,68346
20220524,2268,52592
20220526,2376,69141
20220527,2376,59940
20220528,2376,65603
20220530,2160,67519
20220531,2268,59393
20220602,1890,77170
20220603,2052,52883
20220604,2214,63989
20220606,2106,74745
20220607,2214,60672
20220609,2376,70958
20220610,2268,56408
20220611,2322,63305
20220613,2268,65786
20220614,2376,55805
20220616,2376,73061
20220617,2268,59367
20220618,2376,57611
20220620,2376,65793
20220621,2268,60121
20220623,2268,75024
20220624,2052,55032
20220625,1728,64747
20220627,2322,63774
20220628,1836,58464
20220630,1404,69360
20220701,1404,42818
20220702,1890,51796
20220704,1728,54470
20220705,1836,54680
20220707,1728,73837
20220708,1836,53909
20220709,1836,60527
20220711,1728,61271
20220712,1836,55560
20220714,1944,76340
20220715,2052,54277
20220716,2160,66099
20220719,2052,71977
20220720,1944,52298
20220721,1728,60004
20220722,1728,50729
20220723,1620,60858
20220725,1620,74456
20220726,1512,54501
20220728,1836,70129
20220729,1512,53608
20220730,1404,58772
20220801,1512,74504
20220802,1620,50018
20220804,1620,84369
20220805,1836,46686
20220806,1728,60809
20220808,1944,82613
20220809,1944,61312
20220810,2052,75797
20220812,2484,106622
20220813,2268,68738
20220817,2484,70177
20220818,2700,45660
20220819,2484,53981
20220820,2592,61961
20220822,2484,84337
20220823,2484,62587
20220825,2160,101146
20220826,1944,76553
20220827,1836,71126
20220829,1836,84332
20220830,1836,54734
20220901,1944,92664
20220902,1836,65333
20220903,1944,70098
20220905,1944,68454
20220906,2052,62223
20220908,2052,110397
20220909,1944,80575
20220910,1944,82754
20220912,1836,99798
20220913,1890,63708
20220915,1836,111291
20220916,1836,75274
20220917,1836,89400
20220920,1728,173550
20220922,1836,106624
20220923,1890,67021
20220924,1890,69289
20220926,1944,103996
20220927,2052,56547
20220929,2268,118448
20220930,2052,87630
20221001,1836,97062
20221003,1728,113141
20221004,1836,81737
20221006,1620,117145
20221007,1944,95065
20221008,1944,95915
20221011,1944,156503
20221012,2052,80490
20221013,2052,80369
20221014,1944,75047
20221015,2052,96019
20221017,1944,124718
20221018,1944,95905
20221020,1620,149767
20221021,1512,105838
20221022,1512,108388
20221024,1296,144662
20221025,1404,84078
20221027,1188,150050
20221028,1188,100785
20221029,1188,113324
20221031,1080,141308
20221101,1296,89756
20221102,1296,91302
20221104,1296,141767
20221105,1296,102217
20221107,1296,115596
20221108,1188,93856
20221110,1188,116338
20221111,1296,90898
20221112,1350,115729
20221114,1080,115454
20221115,1080,91874
20221117,1296,128324
20221118,1296,82201
20221119,1188,103502
20221121,1188,107602
20221122,1296,94232
20221124,1296,114386
20221125,1296,96371
20221126,1404,98878
20221128,1188,113552
20221129,1296,88267
20221201,1404,140071
20221202,1404,88077
20221203,1512,101280
20221205,1188,102542
20221206,1404,96650
20221208,1404,127640
20221209,1512,83566
20221210,1512,111830
20221212,1404,105630
20221213,1404,102477
20221215,1404,137421
20221216,1404,99007
20221217,1404,112630
20221219,1404,109384
20221220,1404,106949
20221222,1404,132998
20221223,1404,95350
20221224,1512,113883
20221226,1620,127949
20221227,1836,118852
20221228,1836,129850
20221229,1836,158374